detector,mode,target_class,padding_condition,mean_harmful_prob,median_harmful_prob,std_harmful_prob,mean_abs_shift,harmful_recall,harmful_fnr,benign_fpr,class_flip_rate,encoder
MINILM_Global,Global,Harmful,original,0.6788647411180726,0.7852152648637161,0.31957238555290646,0.0,0.69,0.31000000000000005,,0.0,all-MiniLM-L6-v2
MINILM_Windowed,Windowed,Harmful,original,0.6788647411180726,0.7852152648637161,0.31957238555290646,0.0,0.69,0.31000000000000005,,0.0,all-MiniLM-L6-v2
MINILM_Global,Global,Harmful,short_padding,0.4734520746408621,0.3942809821630053,0.30760254779792917,0.2075954129992418,0.44,0.56,,27.0,all-MiniLM-L6-v2
MINILM_Windowed,Windowed,Harmful,short_padding,0.476983913783363,0.4207710818607659,0.30973175826217386,0.204195115713256,0.44,0.56,,27.0,all-MiniLM-L6-v2
MINILM_Global,Global,Harmful,medium_padding,0.28327642722466156,0.20213855180873738,0.23266110602602758,0.39578405557801355,0.2,0.8,,49.0,all-MiniLM-L6-v2
MINILM_Windowed,Windowed,Harmful,medium_padding,0.4651804434978601,0.3909207298526974,0.32194355396450824,0.2153344478478352,0.43,0.5700000000000001,,26.0,all-MiniLM-L6-v2
MINILM_Global,Global,Harmful,long_padding,0.5245334583112248,0.5550682033871535,0.1844634202662962,0.2606159267601997,0.56,0.43999999999999995,,27.0,all-MiniLM-L6-v2
MINILM_Windowed,Windowed,Harmful,long_padding,0.8954927007423139,0.9575972734858827,0.13113697779300107,0.21841405951670176,0.97,0.030000000000000027,,28.000000000000004,all-MiniLM-L6-v2
MINILM_Global,Global,Benign,original,0.3941748092630828,0.23588616418056269,0.3621844225937029,0.0,,,0.37,0.0,all-MiniLM-L6-v2
MINILM_Windowed,Windowed,Benign,original,0.3941748092630828,0.23588616418056269,0.3621844225937029,0.0,,,0.37,0.0,all-MiniLM-L6-v2
MINILM_Global,Global,Benign,short_padding,0.2579078433516145,0.13099501892235788,0.27584193873096546,0.1505394843624403,,,0.21,16.0,all-MiniLM-L6-v2
MINILM_Windowed,Windowed,Benign,short_padding,0.2605687125625175,0.1377194064262724,0.27502797017559955,0.1515255677981009,,,0.21,16.0,all-MiniLM-L6-v2
MINILM_Global,Global,Benign,medium_padding,0.14597107387892116,0.08405791013906347,0.1700954854411313,0.2572217636922724,,,0.07,30.0,all-MiniLM-L6-v2
MINILM_Windowed,Windowed,Benign,medium_padding,0.23607921649381722,0.14223806867141087,0.26711684688777293,0.16955039341387113,,,0.18,19.0,all-MiniLM-L6-v2
MINILM_Global,Global,Benign,long_padding,0.4945546957953276,0.5008237030889849,0.18454211323560266,0.25665390253071685,,,0.5,25.0,all-MiniLM-L6-v2
MINILM_Windowed,Windowed,Benign,long_padding,0.8166621244244772,0.8911112616329315,0.18326327260704173,0.423661255041967,,,0.93,56.00000000000001,all-MiniLM-L6-v2
SAFETY_POLICY_Global,Global,Harmful,original,0.5321652391688728,0.5679606052838633,0.16276554841385188,0.0,0.68,0.31999999999999995,,0.0,Safety-Policy-MiniLM
SAFETY_POLICY_Windowed,Windowed,Harmful,original,0.5325360000805898,0.5679606052838633,0.16231290258667128,0.0,0.68,0.31999999999999995,,0.0,Safety-Policy-MiniLM
SAFETY_POLICY_Global,Global,Harmful,short_padding,0.4762636626395305,0.4714658192642209,0.1295238412864662,0.10459900265741898,0.43,0.5700000000000001,,31.0,Safety-Policy-MiniLM
SAFETY_POLICY_Windowed,Windowed,Harmful,short_padding,0.49854035001879377,0.4953870586891448,0.1321959157436064,0.10169710889178869,0.49,0.51,,31.0,Safety-Policy-MiniLM
SAFETY_POLICY_Global,Global,Harmful,medium_padding,0.425654258652886,0.41122040535412385,0.10266024621879999,0.14402264194936373,0.22,0.78,,48.0,Safety-Policy-MiniLM
SAFETY_POLICY_Windowed,Windowed,Harmful,medium_padding,0.5516715359208054,0.5448925680732736,0.12492473465694354,0.0816175389452413,0.59,0.41000000000000003,,19.0,Safety-Policy-MiniLM
SAFETY_POLICY_Global,Global,Harmful,long_padding,0.256268332349264,0.25948158241868036,0.07844936116336379,0.2902430368502247,0.01,0.99,,67.0,Safety-Policy-MiniLM
SAFETY_POLICY_Windowed,Windowed,Harmful,long_padding,0.5499569549930263,0.5543422648810412,0.1262082373433195,0.09072037234103593,0.67,0.32999999999999996,,15.0,Safety-Policy-MiniLM
SAFETY_POLICY_Global,Global,Benign,original,0.4410250061832182,0.44535641741234355,0.14825566940973942,0.0,,,0.4,0.0,Safety-Policy-MiniLM
SAFETY_POLICY_Windowed,Windowed,Benign,original,0.4410250061832182,0.44535641741234355,0.14825566940973942,0.0,,,0.4,0.0,Safety-Policy-MiniLM
SAFETY_POLICY_Global,Global,Benign,short_padding,0.39717090978549785,0.3934803979379093,0.11075568246347256,0.1010308136791799,,,0.14,28.000000000000004,Safety-Policy-MiniLM
SAFETY_POLICY_Windowed,Windowed,Benign,short_padding,0.405255900827744,0.41179465663135006,0.1168194207256823,0.09642191993637272,,,0.17,27.0,Safety-Policy-MiniLM
SAFETY_POLICY_Global,Global,Benign,medium_padding,0.3722350549346059,0.37571140433217065,0.08255353063872865,0.10861423210853531,,,0.06,34.0,Safety-Policy-MiniLM
SAFETY_POLICY_Windowed,Windowed,Benign,medium_padding,0.4648748435477374,0.47752133839102695,0.11143131990119048,0.08385267903703987,,,0.31,21.0,Safety-Policy-MiniLM
SAFETY_POLICY_Global,Global,Benign,long_padding,0.23761305171872898,0.23782864634406084,0.06460233373114913,0.21272799762552594,,,0.0,40.0,Safety-Policy-MiniLM
SAFETY_POLICY_Windowed,Windowed,Benign,long_padding,0.45433897587430083,0.449371619829378,0.10787976321006434,0.08406897438034353,,,0.32,22.0,Safety-Policy-MiniLM
