model,dataset,config,fold,roc_auc,pr_auc,accuracy,balanced_accuracy,precision,recall,f1,fpr,fnr,mcc,tp,fp,tn,fn
all-MiniLM-L6-v2,Original_N800,Global,1,0.7596875000000001,0.6828348874432074,0.6875,0.6875,0.6785714285714286,0.7125,0.6951219512195121,0.3375,0.2875,0.37546963074131917,57,27,53,23
all-MiniLM-L6-v2,Original_N800,W24_S12_max,1,0.7621875,0.6894411270452048,0.68125,0.6812499999999999,0.6746987951807228,0.7,0.6871165644171779,0.3375,0.3,0.3627551519496299,56,27,53,24
all-MiniLM-L6-v2,Original_N800,W24_S12_mean,1,0.74609375,0.6694976212679505,0.675,0.675,0.6707317073170732,0.6875,0.6790123456790124,0.3375,0.3125,0.35010942629624875,55,27,53,25
all-MiniLM-L6-v2,Original_N800,W24_S12_top_k,1,0.74609375,0.6694976212679505,0.675,0.675,0.6707317073170732,0.6875,0.6790123456790124,0.3375,0.3125,0.35010942629624875,55,27,53,25
all-MiniLM-L6-v2,Original_N800,W32_S16_max,1,0.7596875000000001,0.6828348874432074,0.6875,0.6875,0.6785714285714286,0.7125,0.6951219512195121,0.3375,0.2875,0.37546963074131917,57,27,53,23
all-MiniLM-L6-v2,Original_N800,W32_S16_mean,1,0.7596875000000001,0.6828348874432074,0.6875,0.6875,0.6785714285714286,0.7125,0.6951219512195121,0.3375,0.2875,0.37546963074131917,57,27,53,23
all-MiniLM-L6-v2,Original_N800,W32_S16_top_k,1,0.7596875000000001,0.6828348874432074,0.6875,0.6875,0.6785714285714286,0.7125,0.6951219512195121,0.3375,0.2875,0.37546963074131917,57,27,53,23
all-MiniLM-L6-v2,Original_N800,W40_S20_max,1,0.7596875000000001,0.6828348874432074,0.6875,0.6875,0.6785714285714286,0.7125,0.6951219512195121,0.3375,0.2875,0.37546963074131917,57,27,53,23
all-MiniLM-L6-v2,Original_N800,W40_S20_mean,1,0.7596875000000001,0.6828348874432074,0.6875,0.6875,0.6785714285714286,0.7125,0.6951219512195121,0.3375,0.2875,0.37546963074131917,57,27,53,23
all-MiniLM-L6-v2,Original_N800,W40_S20_top_k,1,0.7596875000000001,0.6828348874432074,0.6875,0.6875,0.6785714285714286,0.7125,0.6951219512195121,0.3375,0.2875,0.37546963074131917,57,27,53,23
all-MiniLM-L6-v2,Original_N800,W64_S32_max,1,0.7596875000000001,0.6828348874432074,0.6875,0.6875,0.6785714285714286,0.7125,0.6951219512195121,0.3375,0.2875,0.37546963074131917,57,27,53,23
all-MiniLM-L6-v2,Original_N800,W64_S32_mean,1,0.7596875000000001,0.6828348874432074,0.6875,0.6875,0.6785714285714286,0.7125,0.6951219512195121,0.3375,0.2875,0.37546963074131917,57,27,53,23
all-MiniLM-L6-v2,Original_N800,W64_S32_top_k,1,0.7596875000000001,0.6828348874432074,0.6875,0.6875,0.6785714285714286,0.7125,0.6951219512195121,0.3375,0.2875,0.37546963074131917,57,27,53,23
all-MiniLM-L6-v2,Original_N800,Global,2,0.6578125000000001,0.6112330507195077,0.61875,0.61875,0.6376811594202898,0.55,0.5906040268456376,0.3125,0.45,0.2397774622567244,44,25,55,36
all-MiniLM-L6-v2,Original_N800,W24_S12_max,2,0.6578125000000001,0.6112330507195077,0.61875,0.61875,0.6376811594202898,0.55,0.5906040268456376,0.3125,0.45,0.2397774622567244,44,25,55,36
all-MiniLM-L6-v2,Original_N800,W24_S12_mean,2,0.6578125000000001,0.6112330507195077,0.61875,0.61875,0.6376811594202898,0.55,0.5906040268456376,0.3125,0.45,0.2397774622567244,44,25,55,36
all-MiniLM-L6-v2,Original_N800,W24_S12_top_k,2,0.6578125000000001,0.6112330507195077,0.61875,0.61875,0.6376811594202898,0.55,0.5906040268456376,0.3125,0.45,0.2397774622567244,44,25,55,36
all-MiniLM-L6-v2,Original_N800,W32_S16_max,2,0.6578125000000001,0.6112330507195077,0.61875,0.61875,0.6376811594202898,0.55,0.5906040268456376,0.3125,0.45,0.2397774622567244,44,25,55,36
all-MiniLM-L6-v2,Original_N800,W32_S16_mean,2,0.6578125000000001,0.6112330507195077,0.61875,0.61875,0.6376811594202898,0.55,0.5906040268456376,0.3125,0.45,0.2397774622567244,44,25,55,36
all-MiniLM-L6-v2,Original_N800,W32_S16_top_k,2,0.6578125000000001,0.6112330507195077,0.61875,0.61875,0.6376811594202898,0.55,0.5906040268456376,0.3125,0.45,0.2397774622567244,44,25,55,36
all-MiniLM-L6-v2,Original_N800,W40_S20_max,2,0.6578125000000001,0.6112330507195077,0.61875,0.61875,0.6376811594202898,0.55,0.5906040268456376,0.3125,0.45,0.2397774622567244,44,25,55,36
all-MiniLM-L6-v2,Original_N800,W40_S20_mean,2,0.6578125000000001,0.6112330507195077,0.61875,0.61875,0.6376811594202898,0.55,0.5906040268456376,0.3125,0.45,0.2397774622567244,44,25,55,36
all-MiniLM-L6-v2,Original_N800,W40_S20_top_k,2,0.6578125000000001,0.6112330507195077,0.61875,0.61875,0.6376811594202898,0.55,0.5906040268456376,0.3125,0.45,0.2397774622567244,44,25,55,36
all-MiniLM-L6-v2,Original_N800,W64_S32_max,2,0.6578125000000001,0.6112330507195077,0.61875,0.61875,0.6376811594202898,0.55,0.5906040268456376,0.3125,0.45,0.2397774622567244,44,25,55,36
all-MiniLM-L6-v2,Original_N800,W64_S32_mean,2,0.6578125000000001,0.6112330507195077,0.61875,0.61875,0.6376811594202898,0.55,0.5906040268456376,0.3125,0.45,0.2397774622567244,44,25,55,36
all-MiniLM-L6-v2,Original_N800,W64_S32_top_k,2,0.6578125000000001,0.6112330507195077,0.61875,0.61875,0.6376811594202898,0.55,0.5906040268456376,0.3125,0.45,0.2397774622567244,44,25,55,36
all-MiniLM-L6-v2,Original_N800,Global,3,0.74203125,0.6741612051760004,0.6625,0.6625000000000001,0.6477272727272727,0.7125,0.6785714285714286,0.3875,0.2875,0.3266372899592439,57,31,49,23
all-MiniLM-L6-v2,Original_N800,W24_S12_max,3,0.74046875,0.6742179344748809,0.675,0.675,0.6555555555555556,0.7375,0.6941176470588235,0.3875,0.2625,0.35276684147527876,59,31,49,21
all-MiniLM-L6-v2,Original_N800,W24_S12_mean,3,0.73140625,0.6660659682467548,0.6375,0.6375,0.6309523809523809,0.6625,0.6463414634146342,0.3875,0.3375,0.2753443958769674,53,31,49,27
all-MiniLM-L6-v2,Original_N800,W24_S12_top_k,3,0.73140625,0.6660659682467548,0.6375,0.6375,0.6309523809523809,0.6625,0.6463414634146342,0.3875,0.3375,0.2753443958769674,53,31,49,27
all-MiniLM-L6-v2,Original_N800,W32_S16_max,3,0.74203125,0.6741612051760004,0.6625,0.6625000000000001,0.6477272727272727,0.7125,0.6785714285714286,0.3875,0.2875,0.3266372899592439,57,31,49,23
all-MiniLM-L6-v2,Original_N800,W32_S16_mean,3,0.74203125,0.6741612051760004,0.6625,0.6625000000000001,0.6477272727272727,0.7125,0.6785714285714286,0.3875,0.2875,0.3266372899592439,57,31,49,23
all-MiniLM-L6-v2,Original_N800,W32_S16_top_k,3,0.74203125,0.6741612051760004,0.6625,0.6625000000000001,0.6477272727272727,0.7125,0.6785714285714286,0.3875,0.2875,0.3266372899592439,57,31,49,23
all-MiniLM-L6-v2,Original_N800,W40_S20_max,3,0.74203125,0.6741612051760004,0.6625,0.6625000000000001,0.6477272727272727,0.7125,0.6785714285714286,0.3875,0.2875,0.3266372899592439,57,31,49,23
all-MiniLM-L6-v2,Original_N800,W40_S20_mean,3,0.74203125,0.6741612051760004,0.6625,0.6625000000000001,0.6477272727272727,0.7125,0.6785714285714286,0.3875,0.2875,0.3266372899592439,57,31,49,23
all-MiniLM-L6-v2,Original_N800,W40_S20_top_k,3,0.74203125,0.6741612051760004,0.6625,0.6625000000000001,0.6477272727272727,0.7125,0.6785714285714286,0.3875,0.2875,0.3266372899592439,57,31,49,23
all-MiniLM-L6-v2,Original_N800,W64_S32_max,3,0.74203125,0.6741612051760004,0.6625,0.6625000000000001,0.6477272727272727,0.7125,0.6785714285714286,0.3875,0.2875,0.3266372899592439,57,31,49,23
all-MiniLM-L6-v2,Original_N800,W64_S32_mean,3,0.74203125,0.6741612051760004,0.6625,0.6625000000000001,0.6477272727272727,0.7125,0.6785714285714286,0.3875,0.2875,0.3266372899592439,57,31,49,23
all-MiniLM-L6-v2,Original_N800,W64_S32_top_k,3,0.74203125,0.6741612051760004,0.6625,0.6625000000000001,0.6477272727272727,0.7125,0.6785714285714286,0.3875,0.2875,0.3266372899592439,57,31,49,23
all-MiniLM-L6-v2,Original_N800,Global,4,0.7421875,0.7386212951614176,0.7,0.7,0.7222222222222222,0.65,0.6842105263157895,0.25,0.35,0.40201512610368484,52,20,60,28
all-MiniLM-L6-v2,Original_N800,W24_S12_max,4,0.74546875,0.7451979584161158,0.7,0.7,0.7222222222222222,0.65,0.6842105263157895,0.25,0.35,0.40201512610368484,52,20,60,28
all-MiniLM-L6-v2,Original_N800,W24_S12_mean,4,0.7346875,0.7227029398855747,0.69375,0.69375,0.7183098591549296,0.6375,0.6754966887417219,0.25,0.3625,0.3899756729319343,51,20,60,29
all-MiniLM-L6-v2,Original_N800,W24_S12_top_k,4,0.7346875,0.7227029398855747,0.69375,0.69375,0.7183098591549296,0.6375,0.6754966887417219,0.25,0.3625,0.3899756729319343,51,20,60,29
all-MiniLM-L6-v2,Original_N800,W32_S16_max,4,0.7421875,0.7386212951614176,0.7,0.7,0.7222222222222222,0.65,0.6842105263157895,0.25,0.35,0.40201512610368484,52,20,60,28
all-MiniLM-L6-v2,Original_N800,W32_S16_mean,4,0.7421875,0.7386212951614176,0.7,0.7,0.7222222222222222,0.65,0.6842105263157895,0.25,0.35,0.40201512610368484,52,20,60,28
all-MiniLM-L6-v2,Original_N800,W32_S16_top_k,4,0.7421875,0.7386212951614176,0.7,0.7,0.7222222222222222,0.65,0.6842105263157895,0.25,0.35,0.40201512610368484,52,20,60,28
all-MiniLM-L6-v2,Original_N800,W40_S20_max,4,0.7421875,0.7386212951614176,0.7,0.7,0.7222222222222222,0.65,0.6842105263157895,0.25,0.35,0.40201512610368484,52,20,60,28
all-MiniLM-L6-v2,Original_N800,W40_S20_mean,4,0.7421875,0.7386212951614176,0.7,0.7,0.7222222222222222,0.65,0.6842105263157895,0.25,0.35,0.40201512610368484,52,20,60,28
all-MiniLM-L6-v2,Original_N800,W40_S20_top_k,4,0.7421875,0.7386212951614176,0.7,0.7,0.7222222222222222,0.65,0.6842105263157895,0.25,0.35,0.40201512610368484,52,20,60,28
all-MiniLM-L6-v2,Original_N800,W64_S32_max,4,0.7421875,0.7386212951614176,0.7,0.7,0.7222222222222222,0.65,0.6842105263157895,0.25,0.35,0.40201512610368484,52,20,60,28
all-MiniLM-L6-v2,Original_N800,W64_S32_mean,4,0.7421875,0.7386212951614176,0.7,0.7,0.7222222222222222,0.65,0.6842105263157895,0.25,0.35,0.40201512610368484,52,20,60,28
all-MiniLM-L6-v2,Original_N800,W64_S32_top_k,4,0.7421875,0.7386212951614176,0.7,0.7,0.7222222222222222,0.65,0.6842105263157895,0.25,0.35,0.40201512610368484,52,20,60,28
all-MiniLM-L6-v2,Original_N800,Global,5,0.6946875,0.6976596400461055,0.6625,0.6625000000000001,0.6477272727272727,0.7125,0.6785714285714286,0.3875,0.2875,0.3266372899592439,57,31,49,23
all-MiniLM-L6-v2,Original_N800,W24_S12_max,5,0.6946875,0.6976596400461055,0.6625,0.6625000000000001,0.6477272727272727,0.7125,0.6785714285714286,0.3875,0.2875,0.3266372899592439,57,31,49,23
all-MiniLM-L6-v2,Original_N800,W24_S12_mean,5,0.6946875,0.6976596400461055,0.6625,0.6625000000000001,0.6477272727272727,0.7125,0.6785714285714286,0.3875,0.2875,0.3266372899592439,57,31,49,23
all-MiniLM-L6-v2,Original_N800,W24_S12_top_k,5,0.6946875,0.6976596400461055,0.6625,0.6625000000000001,0.6477272727272727,0.7125,0.6785714285714286,0.3875,0.2875,0.3266372899592439,57,31,49,23
all-MiniLM-L6-v2,Original_N800,W32_S16_max,5,0.6946875,0.6976596400461055,0.6625,0.6625000000000001,0.6477272727272727,0.7125,0.6785714285714286,0.3875,0.2875,0.3266372899592439,57,31,49,23
all-MiniLM-L6-v2,Original_N800,W32_S16_mean,5,0.6946875,0.6976596400461055,0.6625,0.6625000000000001,0.6477272727272727,0.7125,0.6785714285714286,0.3875,0.2875,0.3266372899592439,57,31,49,23
all-MiniLM-L6-v2,Original_N800,W32_S16_top_k,5,0.6946875,0.6976596400461055,0.6625,0.6625000000000001,0.6477272727272727,0.7125,0.6785714285714286,0.3875,0.2875,0.3266372899592439,57,31,49,23
all-MiniLM-L6-v2,Original_N800,W40_S20_max,5,0.6946875,0.6976596400461055,0.6625,0.6625000000000001,0.6477272727272727,0.7125,0.6785714285714286,0.3875,0.2875,0.3266372899592439,57,31,49,23
all-MiniLM-L6-v2,Original_N800,W40_S20_mean,5,0.6946875,0.6976596400461055,0.6625,0.6625000000000001,0.6477272727272727,0.7125,0.6785714285714286,0.3875,0.2875,0.3266372899592439,57,31,49,23
all-MiniLM-L6-v2,Original_N800,W40_S20_top_k,5,0.6946875,0.6976596400461055,0.6625,0.6625000000000001,0.6477272727272727,0.7125,0.6785714285714286,0.3875,0.2875,0.3266372899592439,57,31,49,23
all-MiniLM-L6-v2,Original_N800,W64_S32_max,5,0.6946875,0.6976596400461055,0.6625,0.6625000000000001,0.6477272727272727,0.7125,0.6785714285714286,0.3875,0.2875,0.3266372899592439,57,31,49,23
all-MiniLM-L6-v2,Original_N800,W64_S32_mean,5,0.6946875,0.6976596400461055,0.6625,0.6625000000000001,0.6477272727272727,0.7125,0.6785714285714286,0.3875,0.2875,0.3266372899592439,57,31,49,23
all-MiniLM-L6-v2,Original_N800,W64_S32_top_k,5,0.6946875,0.6976596400461055,0.6625,0.6625000000000001,0.6477272727272727,0.7125,0.6785714285714286,0.3875,0.2875,0.3266372899592439,57,31,49,23
all-MiniLM-L6-v2,Length_Balanced_N488,Global,1,0.7996794871794872,0.7641772419336323,0.69,0.6939102564102564,0.6440677966101694,0.7916666666666666,0.7102803738317757,0.40384615384615385,0.20833333333333334,0.39394458264065624,38,21,31,10
all-MiniLM-L6-v2,Length_Balanced_N488,W24_S12_max,1,0.7996794871794872,0.7641772419336323,0.69,0.6939102564102564,0.6440677966101694,0.7916666666666666,0.7102803738317757,0.40384615384615385,0.20833333333333334,0.39394458264065624,38,21,31,10
all-MiniLM-L6-v2,Length_Balanced_N488,W24_S12_mean,1,0.7996794871794872,0.7641772419336323,0.69,0.6939102564102564,0.6440677966101694,0.7916666666666666,0.7102803738317757,0.40384615384615385,0.20833333333333334,0.39394458264065624,38,21,31,10
all-MiniLM-L6-v2,Length_Balanced_N488,W24_S12_top_k,1,0.7996794871794872,0.7641772419336323,0.69,0.6939102564102564,0.6440677966101694,0.7916666666666666,0.7102803738317757,0.40384615384615385,0.20833333333333334,0.39394458264065624,38,21,31,10
all-MiniLM-L6-v2,Length_Balanced_N488,W32_S16_max,1,0.7996794871794872,0.7641772419336323,0.69,0.6939102564102564,0.6440677966101694,0.7916666666666666,0.7102803738317757,0.40384615384615385,0.20833333333333334,0.39394458264065624,38,21,31,10
all-MiniLM-L6-v2,Length_Balanced_N488,W32_S16_mean,1,0.7996794871794872,0.7641772419336323,0.69,0.6939102564102564,0.6440677966101694,0.7916666666666666,0.7102803738317757,0.40384615384615385,0.20833333333333334,0.39394458264065624,38,21,31,10
all-MiniLM-L6-v2,Length_Balanced_N488,W32_S16_top_k,1,0.7996794871794872,0.7641772419336323,0.69,0.6939102564102564,0.6440677966101694,0.7916666666666666,0.7102803738317757,0.40384615384615385,0.20833333333333334,0.39394458264065624,38,21,31,10
all-MiniLM-L6-v2,Length_Balanced_N488,W40_S20_max,1,0.7996794871794872,0.7641772419336323,0.69,0.6939102564102564,0.6440677966101694,0.7916666666666666,0.7102803738317757,0.40384615384615385,0.20833333333333334,0.39394458264065624,38,21,31,10
all-MiniLM-L6-v2,Length_Balanced_N488,W40_S20_mean,1,0.7996794871794872,0.7641772419336323,0.69,0.6939102564102564,0.6440677966101694,0.7916666666666666,0.7102803738317757,0.40384615384615385,0.20833333333333334,0.39394458264065624,38,21,31,10
all-MiniLM-L6-v2,Length_Balanced_N488,W40_S20_top_k,1,0.7996794871794872,0.7641772419336323,0.69,0.6939102564102564,0.6440677966101694,0.7916666666666666,0.7102803738317757,0.40384615384615385,0.20833333333333334,0.39394458264065624,38,21,31,10
all-MiniLM-L6-v2,Length_Balanced_N488,W64_S32_max,1,0.7996794871794872,0.7641772419336323,0.69,0.6939102564102564,0.6440677966101694,0.7916666666666666,0.7102803738317757,0.40384615384615385,0.20833333333333334,0.39394458264065624,38,21,31,10
all-MiniLM-L6-v2,Length_Balanced_N488,W64_S32_mean,1,0.7996794871794872,0.7641772419336323,0.69,0.6939102564102564,0.6440677966101694,0.7916666666666666,0.7102803738317757,0.40384615384615385,0.20833333333333334,0.39394458264065624,38,21,31,10
all-MiniLM-L6-v2,Length_Balanced_N488,W64_S32_top_k,1,0.7996794871794872,0.7641772419336323,0.69,0.6939102564102564,0.6440677966101694,0.7916666666666666,0.7102803738317757,0.40384615384615385,0.20833333333333334,0.39394458264065624,38,21,31,10
all-MiniLM-L6-v2,Length_Balanced_N488,Global,2,0.8565705128205128,0.8756595987861635,0.7,0.7083333333333333,0.8666666666666667,0.5,0.6341463414634146,0.08333333333333333,0.5,0.454256762579498,26,4,44,26
all-MiniLM-L6-v2,Length_Balanced_N488,W24_S12_max,2,0.8565705128205128,0.8756595987861635,0.7,0.7083333333333333,0.8666666666666667,0.5,0.6341463414634146,0.08333333333333333,0.5,0.454256762579498,26,4,44,26
all-MiniLM-L6-v2,Length_Balanced_N488,W24_S12_mean,2,0.8565705128205128,0.8756595987861635,0.7,0.7083333333333333,0.8666666666666667,0.5,0.6341463414634146,0.08333333333333333,0.5,0.454256762579498,26,4,44,26
all-MiniLM-L6-v2,Length_Balanced_N488,W24_S12_top_k,2,0.8565705128205128,0.8756595987861635,0.7,0.7083333333333333,0.8666666666666667,0.5,0.6341463414634146,0.08333333333333333,0.5,0.454256762579498,26,4,44,26
all-MiniLM-L6-v2,Length_Balanced_N488,W32_S16_max,2,0.8565705128205128,0.8756595987861635,0.7,0.7083333333333333,0.8666666666666667,0.5,0.6341463414634146,0.08333333333333333,0.5,0.454256762579498,26,4,44,26
all-MiniLM-L6-v2,Length_Balanced_N488,W32_S16_mean,2,0.8565705128205128,0.8756595987861635,0.7,0.7083333333333333,0.8666666666666667,0.5,0.6341463414634146,0.08333333333333333,0.5,0.454256762579498,26,4,44,26
all-MiniLM-L6-v2,Length_Balanced_N488,W32_S16_top_k,2,0.8565705128205128,0.8756595987861635,0.7,0.7083333333333333,0.8666666666666667,0.5,0.6341463414634146,0.08333333333333333,0.5,0.454256762579498,26,4,44,26
all-MiniLM-L6-v2,Length_Balanced_N488,W40_S20_max,2,0.8565705128205128,0.8756595987861635,0.7,0.7083333333333333,0.8666666666666667,0.5,0.6341463414634146,0.08333333333333333,0.5,0.454256762579498,26,4,44,26
all-MiniLM-L6-v2,Length_Balanced_N488,W40_S20_mean,2,0.8565705128205128,0.8756595987861635,0.7,0.7083333333333333,0.8666666666666667,0.5,0.6341463414634146,0.08333333333333333,0.5,0.454256762579498,26,4,44,26
all-MiniLM-L6-v2,Length_Balanced_N488,W40_S20_top_k,2,0.8565705128205128,0.8756595987861635,0.7,0.7083333333333333,0.8666666666666667,0.5,0.6341463414634146,0.08333333333333333,0.5,0.454256762579498,26,4,44,26
all-MiniLM-L6-v2,Length_Balanced_N488,W64_S32_max,2,0.8565705128205128,0.8756595987861635,0.7,0.7083333333333333,0.8666666666666667,0.5,0.6341463414634146,0.08333333333333333,0.5,0.454256762579498,26,4,44,26
all-MiniLM-L6-v2,Length_Balanced_N488,W64_S32_mean,2,0.8565705128205128,0.8756595987861635,0.7,0.7083333333333333,0.8666666666666667,0.5,0.6341463414634146,0.08333333333333333,0.5,0.454256762579498,26,4,44,26
all-MiniLM-L6-v2,Length_Balanced_N488,W64_S32_top_k,2,0.8565705128205128,0.8756595987861635,0.7,0.7083333333333333,0.8666666666666667,0.5,0.6341463414634146,0.08333333333333333,0.5,0.454256762579498,26,4,44,26
all-MiniLM-L6-v2,Length_Balanced_N488,Global,3,0.7547743055555555,0.7653877349083629,0.6770833333333334,0.6770833333333333,0.660377358490566,0.7291666666666666,0.693069306930693,0.375,0.2708333333333333,0.3561039235783417,35,18,30,13
all-MiniLM-L6-v2,Length_Balanced_N488,W24_S12_max,3,0.7547743055555555,0.7653877349083629,0.6770833333333334,0.6770833333333333,0.660377358490566,0.7291666666666666,0.693069306930693,0.375,0.2708333333333333,0.3561039235783417,35,18,30,13
all-MiniLM-L6-v2,Length_Balanced_N488,W24_S12_mean,3,0.7547743055555555,0.7653877349083629,0.6770833333333334,0.6770833333333333,0.660377358490566,0.7291666666666666,0.693069306930693,0.375,0.2708333333333333,0.3561039235783417,35,18,30,13
all-MiniLM-L6-v2,Length_Balanced_N488,W24_S12_top_k,3,0.7547743055555555,0.7653877349083629,0.6770833333333334,0.6770833333333333,0.660377358490566,0.7291666666666666,0.693069306930693,0.375,0.2708333333333333,0.3561039235783417,35,18,30,13
all-MiniLM-L6-v2,Length_Balanced_N488,W32_S16_max,3,0.7547743055555555,0.7653877349083629,0.6770833333333334,0.6770833333333333,0.660377358490566,0.7291666666666666,0.693069306930693,0.375,0.2708333333333333,0.3561039235783417,35,18,30,13
all-MiniLM-L6-v2,Length_Balanced_N488,W32_S16_mean,3,0.7547743055555555,0.7653877349083629,0.6770833333333334,0.6770833333333333,0.660377358490566,0.7291666666666666,0.693069306930693,0.375,0.2708333333333333,0.3561039235783417,35,18,30,13
all-MiniLM-L6-v2,Length_Balanced_N488,W32_S16_top_k,3,0.7547743055555555,0.7653877349083629,0.6770833333333334,0.6770833333333333,0.660377358490566,0.7291666666666666,0.693069306930693,0.375,0.2708333333333333,0.3561039235783417,35,18,30,13
all-MiniLM-L6-v2,Length_Balanced_N488,W40_S20_max,3,0.7547743055555555,0.7653877349083629,0.6770833333333334,0.6770833333333333,0.660377358490566,0.7291666666666666,0.693069306930693,0.375,0.2708333333333333,0.3561039235783417,35,18,30,13
all-MiniLM-L6-v2,Length_Balanced_N488,W40_S20_mean,3,0.7547743055555555,0.7653877349083629,0.6770833333333334,0.6770833333333333,0.660377358490566,0.7291666666666666,0.693069306930693,0.375,0.2708333333333333,0.3561039235783417,35,18,30,13
all-MiniLM-L6-v2,Length_Balanced_N488,W40_S20_top_k,3,0.7547743055555555,0.7653877349083629,0.6770833333333334,0.6770833333333333,0.660377358490566,0.7291666666666666,0.693069306930693,0.375,0.2708333333333333,0.3561039235783417,35,18,30,13
all-MiniLM-L6-v2,Length_Balanced_N488,W64_S32_max,3,0.7547743055555555,0.7653877349083629,0.6770833333333334,0.6770833333333333,0.660377358490566,0.7291666666666666,0.693069306930693,0.375,0.2708333333333333,0.3561039235783417,35,18,30,13
all-MiniLM-L6-v2,Length_Balanced_N488,W64_S32_mean,3,0.7547743055555555,0.7653877349083629,0.6770833333333334,0.6770833333333333,0.660377358490566,0.7291666666666666,0.693069306930693,0.375,0.2708333333333333,0.3561039235783417,35,18,30,13
all-MiniLM-L6-v2,Length_Balanced_N488,W64_S32_top_k,3,0.7547743055555555,0.7653877349083629,0.6770833333333334,0.6770833333333333,0.660377358490566,0.7291666666666666,0.693069306930693,0.375,0.2708333333333333,0.3561039235783417,35,18,30,13
all-MiniLM-L6-v2,Length_Balanced_N488,Global,4,0.8993055555555555,0.9179292457169594,0.84375,0.84375,0.8666666666666667,0.8125,0.8387096774193549,0.125,0.1875,0.6888467201936644,39,6,42,9
all-MiniLM-L6-v2,Length_Balanced_N488,W24_S12_max,4,0.8993055555555555,0.9179292457169594,0.84375,0.84375,0.8666666666666667,0.8125,0.8387096774193549,0.125,0.1875,0.6888467201936644,39,6,42,9
all-MiniLM-L6-v2,Length_Balanced_N488,W24_S12_mean,4,0.8993055555555555,0.9179292457169594,0.84375,0.84375,0.8666666666666667,0.8125,0.8387096774193549,0.125,0.1875,0.6888467201936644,39,6,42,9
all-MiniLM-L6-v2,Length_Balanced_N488,W24_S12_top_k,4,0.8993055555555555,0.9179292457169594,0.84375,0.84375,0.8666666666666667,0.8125,0.8387096774193549,0.125,0.1875,0.6888467201936644,39,6,42,9
all-MiniLM-L6-v2,Length_Balanced_N488,W32_S16_max,4,0.8993055555555555,0.9179292457169594,0.84375,0.84375,0.8666666666666667,0.8125,0.8387096774193549,0.125,0.1875,0.6888467201936644,39,6,42,9
all-MiniLM-L6-v2,Length_Balanced_N488,W32_S16_mean,4,0.8993055555555555,0.9179292457169594,0.84375,0.84375,0.8666666666666667,0.8125,0.8387096774193549,0.125,0.1875,0.6888467201936644,39,6,42,9
all-MiniLM-L6-v2,Length_Balanced_N488,W32_S16_top_k,4,0.8993055555555555,0.9179292457169594,0.84375,0.84375,0.8666666666666667,0.8125,0.8387096774193549,0.125,0.1875,0.6888467201936644,39,6,42,9
all-MiniLM-L6-v2,Length_Balanced_N488,W40_S20_max,4,0.8993055555555555,0.9179292457169594,0.84375,0.84375,0.8666666666666667,0.8125,0.8387096774193549,0.125,0.1875,0.6888467201936644,39,6,42,9
all-MiniLM-L6-v2,Length_Balanced_N488,W40_S20_mean,4,0.8993055555555555,0.9179292457169594,0.84375,0.84375,0.8666666666666667,0.8125,0.8387096774193549,0.125,0.1875,0.6888467201936644,39,6,42,9
all-MiniLM-L6-v2,Length_Balanced_N488,W40_S20_top_k,4,0.8993055555555555,0.9179292457169594,0.84375,0.84375,0.8666666666666667,0.8125,0.8387096774193549,0.125,0.1875,0.6888467201936644,39,6,42,9
all-MiniLM-L6-v2,Length_Balanced_N488,W64_S32_max,4,0.8993055555555555,0.9179292457169594,0.84375,0.84375,0.8666666666666667,0.8125,0.8387096774193549,0.125,0.1875,0.6888467201936644,39,6,42,9
all-MiniLM-L6-v2,Length_Balanced_N488,W64_S32_mean,4,0.8993055555555555,0.9179292457169594,0.84375,0.84375,0.8666666666666667,0.8125,0.8387096774193549,0.125,0.1875,0.6888467201936644,39,6,42,9
all-MiniLM-L6-v2,Length_Balanced_N488,W64_S32_top_k,4,0.8993055555555555,0.9179292457169594,0.84375,0.84375,0.8666666666666667,0.8125,0.8387096774193549,0.125,0.1875,0.6888467201936644,39,6,42,9
all-MiniLM-L6-v2,Length_Balanced_N488,Global,5,0.7252604166666666,0.8046226673964143,0.7291666666666666,0.7291666666666666,0.8666666666666667,0.5416666666666666,0.6666666666666666,0.08333333333333333,0.4583333333333333,0.49441323247304425,26,4,44,22
all-MiniLM-L6-v2,Length_Balanced_N488,W24_S12_max,5,0.7252604166666666,0.8046226673964143,0.7291666666666666,0.7291666666666666,0.8666666666666667,0.5416666666666666,0.6666666666666666,0.08333333333333333,0.4583333333333333,0.49441323247304425,26,4,44,22
all-MiniLM-L6-v2,Length_Balanced_N488,W24_S12_mean,5,0.7252604166666666,0.8046226673964143,0.7291666666666666,0.7291666666666666,0.8666666666666667,0.5416666666666666,0.6666666666666666,0.08333333333333333,0.4583333333333333,0.49441323247304425,26,4,44,22
all-MiniLM-L6-v2,Length_Balanced_N488,W24_S12_top_k,5,0.7252604166666666,0.8046226673964143,0.7291666666666666,0.7291666666666666,0.8666666666666667,0.5416666666666666,0.6666666666666666,0.08333333333333333,0.4583333333333333,0.49441323247304425,26,4,44,22
all-MiniLM-L6-v2,Length_Balanced_N488,W32_S16_max,5,0.7252604166666666,0.8046226673964143,0.7291666666666666,0.7291666666666666,0.8666666666666667,0.5416666666666666,0.6666666666666666,0.08333333333333333,0.4583333333333333,0.49441323247304425,26,4,44,22
all-MiniLM-L6-v2,Length_Balanced_N488,W32_S16_mean,5,0.7252604166666666,0.8046226673964143,0.7291666666666666,0.7291666666666666,0.8666666666666667,0.5416666666666666,0.6666666666666666,0.08333333333333333,0.4583333333333333,0.49441323247304425,26,4,44,22
all-MiniLM-L6-v2,Length_Balanced_N488,W32_S16_top_k,5,0.7252604166666666,0.8046226673964143,0.7291666666666666,0.7291666666666666,0.8666666666666667,0.5416666666666666,0.6666666666666666,0.08333333333333333,0.4583333333333333,0.49441323247304425,26,4,44,22
all-MiniLM-L6-v2,Length_Balanced_N488,W40_S20_max,5,0.7252604166666666,0.8046226673964143,0.7291666666666666,0.7291666666666666,0.8666666666666667,0.5416666666666666,0.6666666666666666,0.08333333333333333,0.4583333333333333,0.49441323247304425,26,4,44,22
all-MiniLM-L6-v2,Length_Balanced_N488,W40_S20_mean,5,0.7252604166666666,0.8046226673964143,0.7291666666666666,0.7291666666666666,0.8666666666666667,0.5416666666666666,0.6666666666666666,0.08333333333333333,0.4583333333333333,0.49441323247304425,26,4,44,22
all-MiniLM-L6-v2,Length_Balanced_N488,W40_S20_top_k,5,0.7252604166666666,0.8046226673964143,0.7291666666666666,0.7291666666666666,0.8666666666666667,0.5416666666666666,0.6666666666666666,0.08333333333333333,0.4583333333333333,0.49441323247304425,26,4,44,22
all-MiniLM-L6-v2,Length_Balanced_N488,W64_S32_max,5,0.7252604166666666,0.8046226673964143,0.7291666666666666,0.7291666666666666,0.8666666666666667,0.5416666666666666,0.6666666666666666,0.08333333333333333,0.4583333333333333,0.49441323247304425,26,4,44,22
all-MiniLM-L6-v2,Length_Balanced_N488,W64_S32_mean,5,0.7252604166666666,0.8046226673964143,0.7291666666666666,0.7291666666666666,0.8666666666666667,0.5416666666666666,0.6666666666666666,0.08333333333333333,0.4583333333333333,0.49441323247304425,26,4,44,22
all-MiniLM-L6-v2,Length_Balanced_N488,W64_S32_top_k,5,0.7252604166666666,0.8046226673964143,0.7291666666666666,0.7291666666666666,0.8666666666666667,0.5416666666666666,0.6666666666666666,0.08333333333333333,0.4583333333333333,0.49441323247304425,26,4,44,22
Safety-Policy-MiniLM,Original_N800,Global,1,0.68640625,0.7651315460939682,0.6625,0.6625000000000001,0.6666666666666666,0.65,0.6582278481012658,0.325,0.35,0.325101610132231,52,26,54,28
Safety-Policy-MiniLM,Original_N800,W24_S12_max,1,0.6865625,0.7626088294079546,0.65625,0.65625,0.6582278481012658,0.65,0.6540880503144654,0.3375,0.35,0.3125244169238955,52,27,53,28
Safety-Policy-MiniLM,Original_N800,W24_S12_mean,1,0.6831250000000001,0.7527673958381199,0.6625,0.6625000000000001,0.6666666666666666,0.65,0.6582278481012658,0.325,0.35,0.325101610132231,52,26,54,28
Safety-Policy-MiniLM,Original_N800,W24_S12_top_k,1,0.6831250000000001,0.7527673958381199,0.6625,0.6625000000000001,0.6666666666666666,0.65,0.6582278481012658,0.325,0.35,0.325101610132231,52,26,54,28
Safety-Policy-MiniLM,Original_N800,W32_S16_max,1,0.68640625,0.7651315460939682,0.6625,0.6625000000000001,0.6666666666666666,0.65,0.6582278481012658,0.325,0.35,0.325101610132231,52,26,54,28
Safety-Policy-MiniLM,Original_N800,W32_S16_mean,1,0.68640625,0.7651315460939682,0.6625,0.6625000000000001,0.6666666666666666,0.65,0.6582278481012658,0.325,0.35,0.325101610132231,52,26,54,28
Safety-Policy-MiniLM,Original_N800,W32_S16_top_k,1,0.68640625,0.7651315460939682,0.6625,0.6625000000000001,0.6666666666666666,0.65,0.6582278481012658,0.325,0.35,0.325101610132231,52,26,54,28
Safety-Policy-MiniLM,Original_N800,W40_S20_max,1,0.68640625,0.7651315460939682,0.6625,0.6625000000000001,0.6666666666666666,0.65,0.6582278481012658,0.325,0.35,0.325101610132231,52,26,54,28
Safety-Policy-MiniLM,Original_N800,W40_S20_mean,1,0.68640625,0.7651315460939682,0.6625,0.6625000000000001,0.6666666666666666,0.65,0.6582278481012658,0.325,0.35,0.325101610132231,52,26,54,28
Safety-Policy-MiniLM,Original_N800,W40_S20_top_k,1,0.68640625,0.7651315460939682,0.6625,0.6625000000000001,0.6666666666666666,0.65,0.6582278481012658,0.325,0.35,0.325101610132231,52,26,54,28
Safety-Policy-MiniLM,Original_N800,W64_S32_max,1,0.68640625,0.7651315460939682,0.6625,0.6625000000000001,0.6666666666666666,0.65,0.6582278481012658,0.325,0.35,0.325101610132231,52,26,54,28
Safety-Policy-MiniLM,Original_N800,W64_S32_mean,1,0.68640625,0.7651315460939682,0.6625,0.6625000000000001,0.6666666666666666,0.65,0.6582278481012658,0.325,0.35,0.325101610132231,52,26,54,28
Safety-Policy-MiniLM,Original_N800,W64_S32_top_k,1,0.68640625,0.7651315460939682,0.6625,0.6625000000000001,0.6666666666666666,0.65,0.6582278481012658,0.325,0.35,0.325101610132231,52,26,54,28
Safety-Policy-MiniLM,Original_N800,Global,2,0.61890625,0.6264302815044167,0.61875,0.6187499999999999,0.6091954022988506,0.6625,0.6347305389221557,0.425,0.3375,0.2384144339014573,53,34,46,27
Safety-Policy-MiniLM,Original_N800,W24_S12_max,2,0.63171875,0.6341097591487739,0.6375,0.6375,0.6222222222222222,0.7,0.6588235294117647,0.425,0.3,0.2771739468734333,56,34,46,24
Safety-Policy-MiniLM,Original_N800,W24_S12_mean,2,0.615625,0.6136808559341744,0.6375,0.6375,0.6222222222222222,0.7,0.6588235294117647,0.425,0.3,0.2771739468734333,56,34,46,24
Safety-Policy-MiniLM,Original_N800,W24_S12_top_k,2,0.615625,0.6136808559341744,0.6375,0.6375,0.6222222222222222,0.7,0.6588235294117647,0.425,0.3,0.2771739468734333,56,34,46,24
Safety-Policy-MiniLM,Original_N800,W32_S16_max,2,0.61890625,0.6264302815044167,0.61875,0.6187499999999999,0.6091954022988506,0.6625,0.6347305389221557,0.425,0.3375,0.2384144339014573,53,34,46,27
Safety-Policy-MiniLM,Original_N800,W32_S16_mean,2,0.61890625,0.6264302815044167,0.61875,0.6187499999999999,0.6091954022988506,0.6625,0.6347305389221557,0.425,0.3375,0.2384144339014573,53,34,46,27
Safety-Policy-MiniLM,Original_N800,W32_S16_top_k,2,0.61890625,0.6264302815044167,0.61875,0.6187499999999999,0.6091954022988506,0.6625,0.6347305389221557,0.425,0.3375,0.2384144339014573,53,34,46,27
Safety-Policy-MiniLM,Original_N800,W40_S20_max,2,0.61890625,0.6264302815044167,0.61875,0.6187499999999999,0.6091954022988506,0.6625,0.6347305389221557,0.425,0.3375,0.2384144339014573,53,34,46,27
Safety-Policy-MiniLM,Original_N800,W40_S20_mean,2,0.61890625,0.6264302815044167,0.61875,0.6187499999999999,0.6091954022988506,0.6625,0.6347305389221557,0.425,0.3375,0.2384144339014573,53,34,46,27
Safety-Policy-MiniLM,Original_N800,W40_S20_top_k,2,0.61890625,0.6264302815044167,0.61875,0.6187499999999999,0.6091954022988506,0.6625,0.6347305389221557,0.425,0.3375,0.2384144339014573,53,34,46,27
Safety-Policy-MiniLM,Original_N800,W64_S32_max,2,0.61890625,0.6264302815044167,0.61875,0.6187499999999999,0.6091954022988506,0.6625,0.6347305389221557,0.425,0.3375,0.2384144339014573,53,34,46,27
Safety-Policy-MiniLM,Original_N800,W64_S32_mean,2,0.61890625,0.6264302815044167,0.61875,0.6187499999999999,0.6091954022988506,0.6625,0.6347305389221557,0.425,0.3375,0.2384144339014573,53,34,46,27
Safety-Policy-MiniLM,Original_N800,W64_S32_top_k,2,0.61890625,0.6264302815044167,0.61875,0.6187499999999999,0.6091954022988506,0.6625,0.6347305389221557,0.425,0.3375,0.2384144339014573,53,34,46,27
Safety-Policy-MiniLM,Original_N800,Global,3,0.75109375,0.7860516847597688,0.625,0.625,0.5961538461538461,0.775,0.6739130434782609,0.525,0.225,0.26207120918047955,62,42,38,18
Safety-Policy-MiniLM,Original_N800,W24_S12_max,3,0.7853125000000001,0.8017776469165325,0.65,0.65,0.6071428571428571,0.85,0.7083333333333334,0.55,0.15,0.3273268353539886,68,44,36,12
Safety-Policy-MiniLM,Original_N800,W24_S12_mean,3,0.7556249999999999,0.7829905945345416,0.66875,0.66875,0.6261682242990654,0.8375,0.7165775401069518,0.5,0.1625,0.35853696717773753,67,40,40,13
Safety-Policy-MiniLM,Original_N800,W24_S12_top_k,3,0.7556249999999999,0.7829905945345416,0.66875,0.66875,0.6261682242990654,0.8375,0.7165775401069518,0.5,0.1625,0.35853696717773753,67,40,40,13
Safety-Policy-MiniLM,Original_N800,W32_S16_max,3,0.7535937500000001,0.7868247455629358,0.625,0.625,0.5961538461538461,0.775,0.6739130434782609,0.525,0.225,0.26207120918047955,62,42,38,18
Safety-Policy-MiniLM,Original_N800,W32_S16_mean,3,0.7518750000000001,0.7862660829190816,0.625,0.625,0.5961538461538461,0.775,0.6739130434782609,0.525,0.225,0.26207120918047955,62,42,38,18
Safety-Policy-MiniLM,Original_N800,W32_S16_top_k,3,0.7518750000000001,0.7862660829190816,0.625,0.625,0.5961538461538461,0.775,0.6739130434782609,0.525,0.225,0.26207120918047955,62,42,38,18
Safety-Policy-MiniLM,Original_N800,W40_S20_max,3,0.75109375,0.7860516847597688,0.625,0.625,0.5961538461538461,0.775,0.6739130434782609,0.525,0.225,0.26207120918047955,62,42,38,18
Safety-Policy-MiniLM,Original_N800,W40_S20_mean,3,0.75109375,0.7860516847597688,0.625,0.625,0.5961538461538461,0.775,0.6739130434782609,0.525,0.225,0.26207120918047955,62,42,38,18
Safety-Policy-MiniLM,Original_N800,W40_S20_top_k,3,0.75109375,0.7860516847597688,0.625,0.625,0.5961538461538461,0.775,0.6739130434782609,0.525,0.225,0.26207120918047955,62,42,38,18
Safety-Policy-MiniLM,Original_N800,W64_S32_max,3,0.75109375,0.7860516847597688,0.625,0.625,0.5961538461538461,0.775,0.6739130434782609,0.525,0.225,0.26207120918047955,62,42,38,18
Safety-Policy-MiniLM,Original_N800,W64_S32_mean,3,0.75109375,0.7860516847597688,0.625,0.625,0.5961538461538461,0.775,0.6739130434782609,0.525,0.225,0.26207120918047955,62,42,38,18
Safety-Policy-MiniLM,Original_N800,W64_S32_top_k,3,0.75109375,0.7860516847597688,0.625,0.625,0.5961538461538461,0.775,0.6739130434782609,0.525,0.225,0.26207120918047955,62,42,38,18
Safety-Policy-MiniLM,Original_N800,Global,4,0.7646875,0.8084630741406641,0.70625,0.70625,0.7037037037037037,0.7125,0.7080745341614907,0.3,0.2875,0.41253223033954206,57,24,56,23
Safety-Policy-MiniLM,Original_N800,W24_S12_max,4,0.7626562499999999,0.8024131178132221,0.6875,0.6875,0.6829268292682927,0.7,0.691358024691358,0.325,0.3,0.3751172424602665,56,26,54,24
Safety-Policy-MiniLM,Original_N800,W24_S12_mean,4,0.74875,0.7985019130377855,0.69375,0.6937500000000001,0.7012987012987013,0.675,0.6878980891719745,0.2875,0.325,0.38777274863581124,54,23,57,26
Safety-Policy-MiniLM,Original_N800,W24_S12_top_k,4,0.74875,0.7985019130377855,0.69375,0.6937500000000001,0.7012987012987013,0.675,0.6878980891719745,0.2875,0.325,0.38777274863581124,54,23,57,26
Safety-Policy-MiniLM,Original_N800,W32_S16_max,4,0.7771874999999999,0.8220007107393621,0.71875,0.71875,0.7108433734939759,0.7375,0.7239263803680982,0.3,0.2625,0.43780794200817397,59,24,56,21
Safety-Policy-MiniLM,Original_N800,W32_S16_mean,4,0.76859375,0.8138302339224012,0.70625,0.70625,0.7037037037037037,0.7125,0.7080745341614907,0.3,0.2875,0.41253223033954206,57,24,56,23
Safety-Policy-MiniLM,Original_N800,W32_S16_top_k,4,0.76859375,0.8138302339224012,0.70625,0.70625,0.7037037037037037,0.7125,0.7080745341614907,0.3,0.2875,0.41253223033954206,57,24,56,23
Safety-Policy-MiniLM,Original_N800,W40_S20_max,4,0.7646875,0.8084630741406641,0.70625,0.70625,0.7037037037037037,0.7125,0.7080745341614907,0.3,0.2875,0.41253223033954206,57,24,56,23
Safety-Policy-MiniLM,Original_N800,W40_S20_mean,4,0.7646875,0.8084630741406641,0.70625,0.70625,0.7037037037037037,0.7125,0.7080745341614907,0.3,0.2875,0.41253223033954206,57,24,56,23
Safety-Policy-MiniLM,Original_N800,W40_S20_top_k,4,0.7646875,0.8084630741406641,0.70625,0.70625,0.7037037037037037,0.7125,0.7080745341614907,0.3,0.2875,0.41253223033954206,57,24,56,23
Safety-Policy-MiniLM,Original_N800,W64_S32_max,4,0.7646875,0.8084630741406641,0.70625,0.70625,0.7037037037037037,0.7125,0.7080745341614907,0.3,0.2875,0.41253223033954206,57,24,56,23
Safety-Policy-MiniLM,Original_N800,W64_S32_mean,4,0.7646875,0.8084630741406641,0.70625,0.70625,0.7037037037037037,0.7125,0.7080745341614907,0.3,0.2875,0.41253223033954206,57,24,56,23
Safety-Policy-MiniLM,Original_N800,W64_S32_top_k,4,0.7646875,0.8084630741406641,0.70625,0.70625,0.7037037037037037,0.7125,0.7080745341614907,0.3,0.2875,0.41253223033954206,57,24,56,23
Safety-Policy-MiniLM,Original_N800,Global,5,0.6017187500000001,0.6104828481543598,0.5125,0.5125,0.5096153846153846,0.6625,0.5760869565217391,0.6375,0.3375,0.026207120918047958,53,51,29,27
Safety-Policy-MiniLM,Original_N800,W24_S12_max,5,0.6003125,0.6058608449751373,0.5125,0.5125,0.5096153846153846,0.6625,0.5760869565217391,0.6375,0.3375,0.026207120918047958,53,51,29,27
Safety-Policy-MiniLM,Original_N800,W24_S12_mean,5,0.59390625,0.5808616769940578,0.5125,0.5125,0.5096153846153846,0.6625,0.5760869565217391,0.6375,0.3375,0.026207120918047958,53,51,29,27
Safety-Policy-MiniLM,Original_N800,W24_S12_top_k,5,0.59390625,0.5808616769940578,0.5125,0.5125,0.5096153846153846,0.6625,0.5760869565217391,0.6375,0.3375,0.026207120918047958,53,51,29,27
Safety-Policy-MiniLM,Original_N800,W32_S16_max,5,0.6017187500000001,0.6104828481543598,0.5125,0.5125,0.5096153846153846,0.6625,0.5760869565217391,0.6375,0.3375,0.026207120918047958,53,51,29,27
Safety-Policy-MiniLM,Original_N800,W32_S16_mean,5,0.6017187500000001,0.6104828481543598,0.5125,0.5125,0.5096153846153846,0.6625,0.5760869565217391,0.6375,0.3375,0.026207120918047958,53,51,29,27
Safety-Policy-MiniLM,Original_N800,W32_S16_top_k,5,0.6017187500000001,0.6104828481543598,0.5125,0.5125,0.5096153846153846,0.6625,0.5760869565217391,0.6375,0.3375,0.026207120918047958,53,51,29,27
Safety-Policy-MiniLM,Original_N800,W40_S20_max,5,0.6017187500000001,0.6104828481543598,0.5125,0.5125,0.5096153846153846,0.6625,0.5760869565217391,0.6375,0.3375,0.026207120918047958,53,51,29,27
Safety-Policy-MiniLM,Original_N800,W40_S20_mean,5,0.6017187500000001,0.6104828481543598,0.5125,0.5125,0.5096153846153846,0.6625,0.5760869565217391,0.6375,0.3375,0.026207120918047958,53,51,29,27
Safety-Policy-MiniLM,Original_N800,W40_S20_top_k,5,0.6017187500000001,0.6104828481543598,0.5125,0.5125,0.5096153846153846,0.6625,0.5760869565217391,0.6375,0.3375,0.026207120918047958,53,51,29,27
Safety-Policy-MiniLM,Original_N800,W64_S32_max,5,0.6017187500000001,0.6104828481543598,0.5125,0.5125,0.5096153846153846,0.6625,0.5760869565217391,0.6375,0.3375,0.026207120918047958,53,51,29,27
Safety-Policy-MiniLM,Original_N800,W64_S32_mean,5,0.6017187500000001,0.6104828481543598,0.5125,0.5125,0.5096153846153846,0.6625,0.5760869565217391,0.6375,0.3375,0.026207120918047958,53,51,29,27
Safety-Policy-MiniLM,Original_N800,W64_S32_top_k,5,0.6017187500000001,0.6104828481543598,0.5125,0.5125,0.5096153846153846,0.6625,0.5760869565217391,0.6375,0.3375,0.026207120918047958,53,51,29,27
Safety-Policy-MiniLM,Length_Balanced_N488,Global,1,0.7704326923076923,0.7805069794303867,0.69,0.6963141025641025,0.6307692307692307,0.8541666666666666,0.7256637168141593,0.46153846153846156,0.14583333333333334,0.4112567931370626,41,24,28,7
Safety-Policy-MiniLM,Length_Balanced_N488,W24_S12_max,1,0.7712339743589743,0.7807434128452914,0.69,0.6963141025641025,0.6307692307692307,0.8541666666666666,0.7256637168141593,0.46153846153846156,0.14583333333333334,0.4112567931370626,41,24,28,7
Safety-Policy-MiniLM,Length_Balanced_N488,W24_S12_mean,1,0.7724358974358974,0.7811953395999289,0.69,0.6963141025641025,0.6307692307692307,0.8541666666666666,0.7256637168141593,0.46153846153846156,0.14583333333333334,0.4112567931370626,41,24,28,7
Safety-Policy-MiniLM,Length_Balanced_N488,W24_S12_top_k,1,0.7724358974358974,0.7811953395999289,0.69,0.6963141025641025,0.6307692307692307,0.8541666666666666,0.7256637168141593,0.46153846153846156,0.14583333333333334,0.4112567931370626,41,24,28,7
Safety-Policy-MiniLM,Length_Balanced_N488,W32_S16_max,1,0.7704326923076923,0.7805069794303867,0.69,0.6963141025641025,0.6307692307692307,0.8541666666666666,0.7256637168141593,0.46153846153846156,0.14583333333333334,0.4112567931370626,41,24,28,7
Safety-Policy-MiniLM,Length_Balanced_N488,W32_S16_mean,1,0.7704326923076923,0.7805069794303867,0.69,0.6963141025641025,0.6307692307692307,0.8541666666666666,0.7256637168141593,0.46153846153846156,0.14583333333333334,0.4112567931370626,41,24,28,7
Safety-Policy-MiniLM,Length_Balanced_N488,W32_S16_top_k,1,0.7704326923076923,0.7805069794303867,0.69,0.6963141025641025,0.6307692307692307,0.8541666666666666,0.7256637168141593,0.46153846153846156,0.14583333333333334,0.4112567931370626,41,24,28,7
Safety-Policy-MiniLM,Length_Balanced_N488,W40_S20_max,1,0.7704326923076923,0.7805069794303867,0.69,0.6963141025641025,0.6307692307692307,0.8541666666666666,0.7256637168141593,0.46153846153846156,0.14583333333333334,0.4112567931370626,41,24,28,7
Safety-Policy-MiniLM,Length_Balanced_N488,W40_S20_mean,1,0.7704326923076923,0.7805069794303867,0.69,0.6963141025641025,0.6307692307692307,0.8541666666666666,0.7256637168141593,0.46153846153846156,0.14583333333333334,0.4112567931370626,41,24,28,7
Safety-Policy-MiniLM,Length_Balanced_N488,W40_S20_top_k,1,0.7704326923076923,0.7805069794303867,0.69,0.6963141025641025,0.6307692307692307,0.8541666666666666,0.7256637168141593,0.46153846153846156,0.14583333333333334,0.4112567931370626,41,24,28,7
Safety-Policy-MiniLM,Length_Balanced_N488,W64_S32_max,1,0.7704326923076923,0.7805069794303867,0.69,0.6963141025641025,0.6307692307692307,0.8541666666666666,0.7256637168141593,0.46153846153846156,0.14583333333333334,0.4112567931370626,41,24,28,7
Safety-Policy-MiniLM,Length_Balanced_N488,W64_S32_mean,1,0.7704326923076923,0.7805069794303867,0.69,0.6963141025641025,0.6307692307692307,0.8541666666666666,0.7256637168141593,0.46153846153846156,0.14583333333333334,0.4112567931370626,41,24,28,7
Safety-Policy-MiniLM,Length_Balanced_N488,W64_S32_top_k,1,0.7704326923076923,0.7805069794303867,0.69,0.6963141025641025,0.6307692307692307,0.8541666666666666,0.7256637168141593,0.46153846153846156,0.14583333333333334,0.4112567931370626,41,24,28,7
Safety-Policy-MiniLM,Length_Balanced_N488,Global,2,0.8862179487179488,0.9279797100020151,0.82,0.8261217948717949,0.9722222222222222,0.6730769230769231,0.7954545454545454,0.020833333333333332,0.3269230769230769,0.678876652069484,35,1,47,17
Safety-Policy-MiniLM,Length_Balanced_N488,W24_S12_max,2,0.8814102564102565,0.9251731370061552,0.82,0.8261217948717949,0.9722222222222222,0.6730769230769231,0.7954545454545454,0.020833333333333332,0.3269230769230769,0.678876652069484,35,1,47,17
Safety-Policy-MiniLM,Length_Balanced_N488,W24_S12_mean,2,0.8790064102564104,0.9241183491866616,0.82,0.8261217948717949,0.9722222222222222,0.6730769230769231,0.7954545454545454,0.020833333333333332,0.3269230769230769,0.678876652069484,35,1,47,17
Safety-Policy-MiniLM,Length_Balanced_N488,W24_S12_top_k,2,0.8790064102564104,0.9241183491866616,0.82,0.8261217948717949,0.9722222222222222,0.6730769230769231,0.7954545454545454,0.020833333333333332,0.3269230769230769,0.678876652069484,35,1,47,17
Safety-Policy-MiniLM,Length_Balanced_N488,W32_S16_max,2,0.8862179487179488,0.9279797100020151,0.82,0.8261217948717949,0.9722222222222222,0.6730769230769231,0.7954545454545454,0.020833333333333332,0.3269230769230769,0.678876652069484,35,1,47,17
Safety-Policy-MiniLM,Length_Balanced_N488,W32_S16_mean,2,0.8862179487179488,0.9279797100020151,0.82,0.8261217948717949,0.9722222222222222,0.6730769230769231,0.7954545454545454,0.020833333333333332,0.3269230769230769,0.678876652069484,35,1,47,17
Safety-Policy-MiniLM,Length_Balanced_N488,W32_S16_top_k,2,0.8862179487179488,0.9279797100020151,0.82,0.8261217948717949,0.9722222222222222,0.6730769230769231,0.7954545454545454,0.020833333333333332,0.3269230769230769,0.678876652069484,35,1,47,17
Safety-Policy-MiniLM,Length_Balanced_N488,W40_S20_max,2,0.8862179487179488,0.9279797100020151,0.82,0.8261217948717949,0.9722222222222222,0.6730769230769231,0.7954545454545454,0.020833333333333332,0.3269230769230769,0.678876652069484,35,1,47,17
Safety-Policy-MiniLM,Length_Balanced_N488,W40_S20_mean,2,0.8862179487179488,0.9279797100020151,0.82,0.8261217948717949,0.9722222222222222,0.6730769230769231,0.7954545454545454,0.020833333333333332,0.3269230769230769,0.678876652069484,35,1,47,17
Safety-Policy-MiniLM,Length_Balanced_N488,W40_S20_top_k,2,0.8862179487179488,0.9279797100020151,0.82,0.8261217948717949,0.9722222222222222,0.6730769230769231,0.7954545454545454,0.020833333333333332,0.3269230769230769,0.678876652069484,35,1,47,17
Safety-Policy-MiniLM,Length_Balanced_N488,W64_S32_max,2,0.8862179487179488,0.9279797100020151,0.82,0.8261217948717949,0.9722222222222222,0.6730769230769231,0.7954545454545454,0.020833333333333332,0.3269230769230769,0.678876652069484,35,1,47,17
Safety-Policy-MiniLM,Length_Balanced_N488,W64_S32_mean,2,0.8862179487179488,0.9279797100020151,0.82,0.8261217948717949,0.9722222222222222,0.6730769230769231,0.7954545454545454,0.020833333333333332,0.3269230769230769,0.678876652069484,35,1,47,17
Safety-Policy-MiniLM,Length_Balanced_N488,W64_S32_top_k,2,0.8862179487179488,0.9279797100020151,0.82,0.8261217948717949,0.9722222222222222,0.6730769230769231,0.7954545454545454,0.020833333333333332,0.3269230769230769,0.678876652069484,35,1,47,17
Safety-Policy-MiniLM,Length_Balanced_N488,Global,3,0.6046006944444444,0.557281375174256,0.6354166666666666,0.6354166666666666,0.5915492957746479,0.875,0.7058823529411765,0.6041666666666666,0.125,0.30856323113040185,42,29,19,6
Safety-Policy-MiniLM,Length_Balanced_N488,W24_S12_max,3,0.6046006944444444,0.557281375174256,0.6354166666666666,0.6354166666666666,0.5915492957746479,0.875,0.7058823529411765,0.6041666666666666,0.125,0.30856323113040185,42,29,19,6
Safety-Policy-MiniLM,Length_Balanced_N488,W24_S12_mean,3,0.6037326388888888,0.555297248190129,0.6354166666666666,0.6354166666666666,0.5915492957746479,0.875,0.7058823529411765,0.6041666666666666,0.125,0.30856323113040185,42,29,19,6
Safety-Policy-MiniLM,Length_Balanced_N488,W24_S12_top_k,3,0.6037326388888888,0.555297248190129,0.6354166666666666,0.6354166666666666,0.5915492957746479,0.875,0.7058823529411765,0.6041666666666666,0.125,0.30856323113040185,42,29,19,6
Safety-Policy-MiniLM,Length_Balanced_N488,W32_S16_max,3,0.6046006944444444,0.557281375174256,0.6354166666666666,0.6354166666666666,0.5915492957746479,0.875,0.7058823529411765,0.6041666666666666,0.125,0.30856323113040185,42,29,19,6
Safety-Policy-MiniLM,Length_Balanced_N488,W32_S16_mean,3,0.6046006944444444,0.557281375174256,0.6354166666666666,0.6354166666666666,0.5915492957746479,0.875,0.7058823529411765,0.6041666666666666,0.125,0.30856323113040185,42,29,19,6
Safety-Policy-MiniLM,Length_Balanced_N488,W32_S16_top_k,3,0.6046006944444444,0.557281375174256,0.6354166666666666,0.6354166666666666,0.5915492957746479,0.875,0.7058823529411765,0.6041666666666666,0.125,0.30856323113040185,42,29,19,6
Safety-Policy-MiniLM,Length_Balanced_N488,W40_S20_max,3,0.6046006944444444,0.557281375174256,0.6354166666666666,0.6354166666666666,0.5915492957746479,0.875,0.7058823529411765,0.6041666666666666,0.125,0.30856323113040185,42,29,19,6
Safety-Policy-MiniLM,Length_Balanced_N488,W40_S20_mean,3,0.6046006944444444,0.557281375174256,0.6354166666666666,0.6354166666666666,0.5915492957746479,0.875,0.7058823529411765,0.6041666666666666,0.125,0.30856323113040185,42,29,19,6
Safety-Policy-MiniLM,Length_Balanced_N488,W40_S20_top_k,3,0.6046006944444444,0.557281375174256,0.6354166666666666,0.6354166666666666,0.5915492957746479,0.875,0.7058823529411765,0.6041666666666666,0.125,0.30856323113040185,42,29,19,6
Safety-Policy-MiniLM,Length_Balanced_N488,W64_S32_max,3,0.6046006944444444,0.557281375174256,0.6354166666666666,0.6354166666666666,0.5915492957746479,0.875,0.7058823529411765,0.6041666666666666,0.125,0.30856323113040185,42,29,19,6
Safety-Policy-MiniLM,Length_Balanced_N488,W64_S32_mean,3,0.6046006944444444,0.557281375174256,0.6354166666666666,0.6354166666666666,0.5915492957746479,0.875,0.7058823529411765,0.6041666666666666,0.125,0.30856323113040185,42,29,19,6
Safety-Policy-MiniLM,Length_Balanced_N488,W64_S32_top_k,3,0.6046006944444444,0.557281375174256,0.6354166666666666,0.6354166666666666,0.5915492957746479,0.875,0.7058823529411765,0.6041666666666666,0.125,0.30856323113040185,42,29,19,6
Safety-Policy-MiniLM,Length_Balanced_N488,Global,4,0.7092013888888888,0.7254306409745055,0.59375,0.59375,0.5692307692307692,0.7708333333333334,0.6548672566371682,0.5833333333333334,0.22916666666666666,0.20049566370935085,37,28,20,11
Safety-Policy-MiniLM,Length_Balanced_N488,W24_S12_max,4,0.7578125,0.7634054077734012,0.625,0.625,0.5882352941176471,0.8333333333333334,0.6896551724137931,0.5833333333333334,0.16666666666666666,0.27500954910846337,40,28,20,8
Safety-Policy-MiniLM,Length_Balanced_N488,W24_S12_mean,4,0.7252604166666666,0.7352280142679332,0.59375,0.59375,0.5692307692307692,0.7708333333333334,0.6548672566371682,0.5833333333333334,0.22916666666666666,0.20049566370935085,37,28,20,11
Safety-Policy-MiniLM,Length_Balanced_N488,W24_S12_top_k,4,0.7252604166666666,0.7352280142679332,0.59375,0.59375,0.5692307692307692,0.7708333333333334,0.6548672566371682,0.5833333333333334,0.22916666666666666,0.20049566370935085,37,28,20,11
Safety-Policy-MiniLM,Length_Balanced_N488,W32_S16_max,4,0.7092013888888888,0.7254306409745055,0.59375,0.59375,0.5692307692307692,0.7708333333333334,0.6548672566371682,0.5833333333333334,0.22916666666666666,0.20049566370935085,37,28,20,11
Safety-Policy-MiniLM,Length_Balanced_N488,W32_S16_mean,4,0.7092013888888888,0.7254306409745055,0.59375,0.59375,0.5692307692307692,0.7708333333333334,0.6548672566371682,0.5833333333333334,0.22916666666666666,0.20049566370935085,37,28,20,11
Safety-Policy-MiniLM,Length_Balanced_N488,W32_S16_top_k,4,0.7092013888888888,0.7254306409745055,0.59375,0.59375,0.5692307692307692,0.7708333333333334,0.6548672566371682,0.5833333333333334,0.22916666666666666,0.20049566370935085,37,28,20,11
Safety-Policy-MiniLM,Length_Balanced_N488,W40_S20_max,4,0.7092013888888888,0.7254306409745055,0.59375,0.59375,0.5692307692307692,0.7708333333333334,0.6548672566371682,0.5833333333333334,0.22916666666666666,0.20049566370935085,37,28,20,11
Safety-Policy-MiniLM,Length_Balanced_N488,W40_S20_mean,4,0.7092013888888888,0.7254306409745055,0.59375,0.59375,0.5692307692307692,0.7708333333333334,0.6548672566371682,0.5833333333333334,0.22916666666666666,0.20049566370935085,37,28,20,11
Safety-Policy-MiniLM,Length_Balanced_N488,W40_S20_top_k,4,0.7092013888888888,0.7254306409745055,0.59375,0.59375,0.5692307692307692,0.7708333333333334,0.6548672566371682,0.5833333333333334,0.22916666666666666,0.20049566370935085,37,28,20,11
Safety-Policy-MiniLM,Length_Balanced_N488,W64_S32_max,4,0.7092013888888888,0.7254306409745055,0.59375,0.59375,0.5692307692307692,0.7708333333333334,0.6548672566371682,0.5833333333333334,0.22916666666666666,0.20049566370935085,37,28,20,11
Safety-Policy-MiniLM,Length_Balanced_N488,W64_S32_mean,4,0.7092013888888888,0.7254306409745055,0.59375,0.59375,0.5692307692307692,0.7708333333333334,0.6548672566371682,0.5833333333333334,0.22916666666666666,0.20049566370935085,37,28,20,11
Safety-Policy-MiniLM,Length_Balanced_N488,W64_S32_top_k,4,0.7092013888888888,0.7254306409745055,0.59375,0.59375,0.5692307692307692,0.7708333333333334,0.6548672566371682,0.5833333333333334,0.22916666666666666,0.20049566370935085,37,28,20,11
Safety-Policy-MiniLM,Length_Balanced_N488,Global,5,0.6436631944444444,0.6180796576693988,0.6354166666666666,0.6354166666666667,0.6226415094339622,0.6875,0.6534653465346535,0.4166666666666667,0.3125,0.2723147650893201,33,20,28,15
Safety-Policy-MiniLM,Length_Balanced_N488,W24_S12_max,5,0.6445312500000001,0.6114308262870966,0.6145833333333334,0.6145833333333333,0.6,0.6875,0.6407766990291263,0.4583333333333333,0.3125,0.2316431233284637,33,22,26,15
Safety-Policy-MiniLM,Length_Balanced_N488,W24_S12_mean,5,0.6475694444444444,0.6178948021946413,0.6354166666666666,0.6354166666666667,0.6226415094339622,0.6875,0.6534653465346535,0.4166666666666667,0.3125,0.2723147650893201,33,20,28,15
Safety-Policy-MiniLM,Length_Balanced_N488,W24_S12_top_k,5,0.6475694444444444,0.6178948021946413,0.6354166666666666,0.6354166666666667,0.6226415094339622,0.6875,0.6534653465346535,0.4166666666666667,0.3125,0.2723147650893201,33,20,28,15
Safety-Policy-MiniLM,Length_Balanced_N488,W32_S16_max,5,0.6436631944444444,0.6180796576693988,0.6354166666666666,0.6354166666666667,0.6226415094339622,0.6875,0.6534653465346535,0.4166666666666667,0.3125,0.2723147650893201,33,20,28,15
Safety-Policy-MiniLM,Length_Balanced_N488,W32_S16_mean,5,0.6436631944444444,0.6180796576693988,0.6354166666666666,0.6354166666666667,0.6226415094339622,0.6875,0.6534653465346535,0.4166666666666667,0.3125,0.2723147650893201,33,20,28,15
Safety-Policy-MiniLM,Length_Balanced_N488,W32_S16_top_k,5,0.6436631944444444,0.6180796576693988,0.6354166666666666,0.6354166666666667,0.6226415094339622,0.6875,0.6534653465346535,0.4166666666666667,0.3125,0.2723147650893201,33,20,28,15
Safety-Policy-MiniLM,Length_Balanced_N488,W40_S20_max,5,0.6436631944444444,0.6180796576693988,0.6354166666666666,0.6354166666666667,0.6226415094339622,0.6875,0.6534653465346535,0.4166666666666667,0.3125,0.2723147650893201,33,20,28,15
Safety-Policy-MiniLM,Length_Balanced_N488,W40_S20_mean,5,0.6436631944444444,0.6180796576693988,0.6354166666666666,0.6354166666666667,0.6226415094339622,0.6875,0.6534653465346535,0.4166666666666667,0.3125,0.2723147650893201,33,20,28,15
Safety-Policy-MiniLM,Length_Balanced_N488,W40_S20_top_k,5,0.6436631944444444,0.6180796576693988,0.6354166666666666,0.6354166666666667,0.6226415094339622,0.6875,0.6534653465346535,0.4166666666666667,0.3125,0.2723147650893201,33,20,28,15
Safety-Policy-MiniLM,Length_Balanced_N488,W64_S32_max,5,0.6436631944444444,0.6180796576693988,0.6354166666666666,0.6354166666666667,0.6226415094339622,0.6875,0.6534653465346535,0.4166666666666667,0.3125,0.2723147650893201,33,20,28,15
Safety-Policy-MiniLM,Length_Balanced_N488,W64_S32_mean,5,0.6436631944444444,0.6180796576693988,0.6354166666666666,0.6354166666666667,0.6226415094339622,0.6875,0.6534653465346535,0.4166666666666667,0.3125,0.2723147650893201,33,20,28,15
Safety-Policy-MiniLM,Length_Balanced_N488,W64_S32_top_k,5,0.6436631944444444,0.6180796576693988,0.6354166666666666,0.6354166666666667,0.6226415094339622,0.6875,0.6534653465346535,0.4166666666666667,0.3125,0.2723147650893201,33,20,28,15
