,,,roc_auc,roc_auc,pr_auc,pr_auc,accuracy,accuracy,balanced_accuracy,balanced_accuracy,precision,precision,recall,recall,f1,f1,fpr,fpr,fnr,fnr
,,,mean,std,mean,std,mean,std,mean,std,mean,std,mean,std,mean,std,mean,std,mean,std
model,dataset,config,,,,,,,,,,,,,,,,,,
all-MiniLM-L6-v2,Original_N800,Global,0.7192812500000001,0.042006498288211284,0.6809020157092477,0.046139116800226074,0.66625,0.03112474899497179,0.66625,0.031124748994971793,0.6667858711336972,0.034589134769763906,0.6675000000000001,0.07104136119191408,0.6654158723047593,0.0423634266976078,0.335,0.057554322166106696,0.33249999999999996,0.07104136119191412
all-MiniLM-L6-v2,Original_N800,W24_S12_max,0.720125,0.04288164466550631,0.6835499421403629,0.04835050852150941,0.6675,0.030426653611595217,0.6675,0.030426653611595175,0.6675770010212126,0.03342569506237743,0.67,0.07426725388756474,0.6669240386417714,0.04303039328419472,0.335,0.057554322166106696,0.32999999999999996,0.07426725388756475
all-MiniLM-L6-v2,Original_N800,W24_S12_mean,0.7129375,0.03635011095452457,0.6734318440331786,0.04169247867027157,0.6575,0.029777823123928997,0.6575,0.029777823123929004,0.6610804759143892,0.03536200901910143,0.65,0.06250000000000001,0.6540051906504869,0.037977567804460106,0.335,0.057554322166106696,0.35,0.0625
all-MiniLM-L6-v2,Original_N800,W24_S12_top_k,0.7129375,0.03635011095452457,0.6734318440331786,0.04169247867027157,0.6575,0.029777823123928997,0.6575,0.029777823123929004,0.6610804759143892,0.03536200901910143,0.65,0.06250000000000001,0.6540051906504869,0.037977567804460106,0.335,0.057554322166106696,0.35,0.0625
all-MiniLM-L6-v2,Original_N800,W32_S16_max,0.7192812500000001,0.042006498288211284,0.6809020157092477,0.046139116800226074,0.66625,0.03112474899497179,0.66625,0.031124748994971793,0.6667858711336972,0.034589134769763906,0.6675000000000001,0.07104136119191408,0.6654158723047593,0.0423634266976078,0.335,0.057554322166106696,0.33249999999999996,0.07104136119191412
all-MiniLM-L6-v2,Original_N800,W32_S16_mean,0.7192812500000001,0.042006498288211284,0.6809020157092477,0.046139116800226074,0.66625,0.03112474899497179,0.66625,0.031124748994971793,0.6667858711336972,0.034589134769763906,0.6675000000000001,0.07104136119191408,0.6654158723047593,0.0423634266976078,0.335,0.057554322166106696,0.33249999999999996,0.07104136119191412
all-MiniLM-L6-v2,Original_N800,W32_S16_top_k,0.7192812500000001,0.042006498288211284,0.6809020157092477,0.046139116800226074,0.66625,0.03112474899497179,0.66625,0.031124748994971793,0.6667858711336972,0.034589134769763906,0.6675000000000001,0.07104136119191408,0.6654158723047593,0.0423634266976078,0.335,0.057554322166106696,0.33249999999999996,0.07104136119191412
all-MiniLM-L6-v2,Original_N800,W40_S20_max,0.7192812500000001,0.042006498288211284,0.6809020157092477,0.046139116800226074,0.66625,0.03112474899497179,0.66625,0.031124748994971793,0.6667858711336972,0.034589134769763906,0.6675000000000001,0.07104136119191408,0.6654158723047593,0.0423634266976078,0.335,0.057554322166106696,0.33249999999999996,0.07104136119191412
all-MiniLM-L6-v2,Original_N800,W40_S20_mean,0.7192812500000001,0.042006498288211284,0.6809020157092477,0.046139116800226074,0.66625,0.03112474899497179,0.66625,0.031124748994971793,0.6667858711336972,0.034589134769763906,0.6675000000000001,0.07104136119191408,0.6654158723047593,0.0423634266976078,0.335,0.057554322166106696,0.33249999999999996,0.07104136119191412
all-MiniLM-L6-v2,Original_N800,W40_S20_top_k,0.7192812500000001,0.042006498288211284,0.6809020157092477,0.046139116800226074,0.66625,0.03112474899497179,0.66625,0.031124748994971793,0.6667858711336972,0.034589134769763906,0.6675000000000001,0.07104136119191408,0.6654158723047593,0.0423634266976078,0.335,0.057554322166106696,0.33249999999999996,0.07104136119191412
all-MiniLM-L6-v2,Original_N800,W64_S32_max,0.7192812500000001,0.042006498288211284,0.6809020157092477,0.046139116800226074,0.66625,0.03112474899497179,0.66625,0.031124748994971793,0.6667858711336972,0.034589134769763906,0.6675000000000001,0.07104136119191408,0.6654158723047593,0.0423634266976078,0.335,0.057554322166106696,0.33249999999999996,0.07104136119191412
all-MiniLM-L6-v2,Original_N800,W64_S32_mean,0.7192812500000001,0.042006498288211284,0.6809020157092477,0.046139116800226074,0.66625,0.03112474899497179,0.66625,0.031124748994971793,0.6667858711336972,0.034589134769763906,0.6675000000000001,0.07104136119191408,0.6654158723047593,0.0423634266976078,0.335,0.057554322166106696,0.33249999999999996,0.07104136119191412
all-MiniLM-L6-v2,Original_N800,W64_S32_top_k,0.7192812500000001,0.042006498288211284,0.6809020157092477,0.046139116800226074,0.66625,0.03112474899497179,0.66625,0.031124748994971793,0.6667858711336972,0.034589134769763906,0.6675000000000001,0.07104136119191408,0.6654158723047593,0.0423634266976078,0.335,0.057554322166106696,0.33249999999999996,0.07104136119191412
all-MiniLM-L6-v2,Length_Balanced_N488,Global,0.8071180555555555,0.07148418390421075,0.8255552977483065,0.06868217311090334,0.728,0.06749061148699785,0.7304487179487179,0.06616426122421745,0.7808890310201472,0.11759732323980447,0.675,0.14478791961578377,0.708574473262381,0.07822132493356806,0.2141025641025641,0.1612692353556293,0.325,0.1447879196157838
all-MiniLM-L6-v2,Length_Balanced_N488,W24_S12_max,0.8071180555555555,0.07148418390421075,0.8255552977483065,0.06868217311090334,0.728,0.06749061148699785,0.7304487179487179,0.06616426122421745,0.7808890310201472,0.11759732323980447,0.675,0.14478791961578377,0.708574473262381,0.07822132493356806,0.2141025641025641,0.1612692353556293,0.325,0.1447879196157838
all-MiniLM-L6-v2,Length_Balanced_N488,W24_S12_mean,0.8071180555555555,0.07148418390421075,0.8255552977483065,0.06868217311090334,0.728,0.06749061148699785,0.7304487179487179,0.06616426122421745,0.7808890310201472,0.11759732323980447,0.675,0.14478791961578377,0.708574473262381,0.07822132493356806,0.2141025641025641,0.1612692353556293,0.325,0.1447879196157838
all-MiniLM-L6-v2,Length_Balanced_N488,W24_S12_top_k,0.8071180555555555,0.07148418390421075,0.8255552977483065,0.06868217311090334,0.728,0.06749061148699785,0.7304487179487179,0.06616426122421745,0.7808890310201472,0.11759732323980447,0.675,0.14478791961578377,0.708574473262381,0.07822132493356806,0.2141025641025641,0.1612692353556293,0.325,0.1447879196157838
all-MiniLM-L6-v2,Length_Balanced_N488,W32_S16_max,0.8071180555555555,0.07148418390421075,0.8255552977483065,0.06868217311090334,0.728,0.06749061148699785,0.7304487179487179,0.06616426122421745,0.7808890310201472,0.11759732323980447,0.675,0.14478791961578377,0.708574473262381,0.07822132493356806,0.2141025641025641,0.1612692353556293,0.325,0.1447879196157838
all-MiniLM-L6-v2,Length_Balanced_N488,W32_S16_mean,0.8071180555555555,0.07148418390421075,0.8255552977483065,0.06868217311090334,0.728,0.06749061148699785,0.7304487179487179,0.06616426122421745,0.7808890310201472,0.11759732323980447,0.675,0.14478791961578377,0.708574473262381,0.07822132493356806,0.2141025641025641,0.1612692353556293,0.325,0.1447879196157838
all-MiniLM-L6-v2,Length_Balanced_N488,W32_S16_top_k,0.8071180555555555,0.07148418390421075,0.8255552977483065,0.06868217311090334,0.728,0.06749061148699785,0.7304487179487179,0.06616426122421745,0.7808890310201472,0.11759732323980447,0.675,0.14478791961578377,0.708574473262381,0.07822132493356806,0.2141025641025641,0.1612692353556293,0.325,0.1447879196157838
all-MiniLM-L6-v2,Length_Balanced_N488,W40_S20_max,0.8071180555555555,0.07148418390421075,0.8255552977483065,0.06868217311090334,0.728,0.06749061148699785,0.7304487179487179,0.06616426122421745,0.7808890310201472,0.11759732323980447,0.675,0.14478791961578377,0.708574473262381,0.07822132493356806,0.2141025641025641,0.1612692353556293,0.325,0.1447879196157838
all-MiniLM-L6-v2,Length_Balanced_N488,W40_S20_mean,0.8071180555555555,0.07148418390421075,0.8255552977483065,0.06868217311090334,0.728,0.06749061148699785,0.7304487179487179,0.06616426122421745,0.7808890310201472,0.11759732323980447,0.675,0.14478791961578377,0.708574473262381,0.07822132493356806,0.2141025641025641,0.1612692353556293,0.325,0.1447879196157838
all-MiniLM-L6-v2,Length_Balanced_N488,W40_S20_top_k,0.8071180555555555,0.07148418390421075,0.8255552977483065,0.06868217311090334,0.728,0.06749061148699785,0.7304487179487179,0.06616426122421745,0.7808890310201472,0.11759732323980447,0.675,0.14478791961578377,0.708574473262381,0.07822132493356806,0.2141025641025641,0.1612692353556293,0.325,0.1447879196157838
all-MiniLM-L6-v2,Length_Balanced_N488,W64_S32_max,0.8071180555555555,0.07148418390421075,0.8255552977483065,0.06868217311090334,0.728,0.06749061148699785,0.7304487179487179,0.06616426122421745,0.7808890310201472,0.11759732323980447,0.675,0.14478791961578377,0.708574473262381,0.07822132493356806,0.2141025641025641,0.1612692353556293,0.325,0.1447879196157838
all-MiniLM-L6-v2,Length_Balanced_N488,W64_S32_mean,0.8071180555555555,0.07148418390421075,0.8255552977483065,0.06868217311090334,0.728,0.06749061148699785,0.7304487179487179,0.06616426122421745,0.7808890310201472,0.11759732323980447,0.675,0.14478791961578377,0.708574473262381,0.07822132493356806,0.2141025641025641,0.1612692353556293,0.325,0.1447879196157838
all-MiniLM-L6-v2,Length_Balanced_N488,W64_S32_top_k,0.8071180555555555,0.07148418390421075,0.8255552977483065,0.06868217311090334,0.728,0.06749061148699785,0.7304487179487179,0.06616426122421745,0.7808890310201472,0.11759732323980447,0.675,0.14478791961578377,0.708574473262381,0.07822132493356806,0.2141025641025641,0.1612692353556293,0.325,0.1447879196157838
Safety-Policy-MiniLM,Original_N800,Global,0.6845625,0.07420184017891669,0.7193118869306355,0.09350444945107564,0.625,0.07194290270763339,0.625,0.0719429027076334,0.6170670006876904,0.07418088882086266,0.6925,0.051991585857713574,0.6502065842369824,0.04926526084229401,0.4425,0.14075688260259248,0.3075,0.05199158585771355
Safety-Policy-MiniLM,Original_N800,W24_S12_max,0.6933125,0.08025102523196354,0.7213540396523241,0.09445995306582075,0.6287499999999999,0.06754628043053151,0.6287499999999999,0.06754628043053151,0.6160270282700046,0.06651548578722288,0.7125,0.08003905296791058,0.6577379788545321,0.050920494948635334,0.45499999999999996,0.1359572543117873,0.2875,0.0800390529679106
Safety-Policy-MiniLM,Original_N800,W24_S12_mean,0.67940625,0.07417880504016965,0.7057604872677359,0.10106122190280652,0.635,0.07134314087563007,0.635,0.07134314087563012,0.625194239820408,0.07224974835646775,0.705,0.07634215742301234,0.6595227926627392,0.05249787200679938,0.43499999999999994,0.14070136815255208,0.29500000000000004,0.07634215742301234
Safety-Policy-MiniLM,Original_N800,W24_S12_top_k,0.67940625,0.07417880504016965,0.7057604872677359,0.10106122190280652,0.635,0.07134314087563007,0.635,0.07134314087563012,0.625194239820408,0.07224974835646775,0.705,0.07634215742301234,0.6595227926627392,0.05249787200679938,0.43499999999999994,0.14070136815255208,0.29500000000000004,0.07634215742301234
Safety-Policy-MiniLM,Original_N800,W32_S16_max,0.6875625000000001,0.07822552907099764,0.7221740264110086,0.09699512214186726,0.6275000000000001,0.07559658557104283,0.6275000000000001,0.07559658557104285,0.6184949346457447,0.07630385290941814,0.6975,0.05548085255293039,0.6533769534783039,0.0541846754418474,0.4425,0.14075688260259248,0.30250000000000005,0.05548085255293038
Safety-Policy-MiniLM,Original_N800,W32_S16_mean,0.6855,0.07544047089220414,0.7204281985188455,0.09484269211972673,0.625,0.07194290270763339,0.625,0.0719429027076334,0.6170670006876904,0.07418088882086266,0.6925,0.051991585857713574,0.6502065842369824,0.04926526084229401,0.4425,0.14075688260259248,0.3075,0.05199158585771355
Safety-Policy-MiniLM,Original_N800,W32_S16_top_k,0.6855,0.07544047089220414,0.7204281985188455,0.09484269211972673,0.625,0.07194290270763339,0.625,0.0719429027076334,0.6170670006876904,0.07418088882086266,0.6925,0.051991585857713574,0.6502065842369824,0.04926526084229401,0.4425,0.14075688260259248,0.3075,0.05199158585771355
Safety-Policy-MiniLM,Original_N800,W40_S20_max,0.6845625,0.07420184017891669,0.7193118869306355,0.09350444945107564,0.625,0.07194290270763339,0.625,0.0719429027076334,0.6170670006876904,0.07418088882086266,0.6925,0.051991585857713574,0.6502065842369824,0.04926526084229401,0.4425,0.14075688260259248,0.3075,0.05199158585771355
Safety-Policy-MiniLM,Original_N800,W40_S20_mean,0.6845625,0.07420184017891669,0.7193118869306355,0.09350444945107564,0.625,0.07194290270763339,0.625,0.0719429027076334,0.6170670006876904,0.07418088882086266,0.6925,0.051991585857713574,0.6502065842369824,0.04926526084229401,0.4425,0.14075688260259248,0.3075,0.05199158585771355
Safety-Policy-MiniLM,Original_N800,W40_S20_top_k,0.6845625,0.07420184017891669,0.7193118869306355,0.09350444945107564,0.625,0.07194290270763339,0.625,0.0719429027076334,0.6170670006876904,0.07418088882086266,0.6925,0.051991585857713574,0.6502065842369824,0.04926526084229401,0.4425,0.14075688260259248,0.3075,0.05199158585771355
Safety-Policy-MiniLM,Original_N800,W64_S32_max,0.6845625,0.07420184017891669,0.7193118869306355,0.09350444945107564,0.625,0.07194290270763339,0.625,0.0719429027076334,0.6170670006876904,0.07418088882086266,0.6925,0.051991585857713574,0.6502065842369824,0.04926526084229401,0.4425,0.14075688260259248,0.3075,0.05199158585771355
Safety-Policy-MiniLM,Original_N800,W64_S32_mean,0.6845625,0.07420184017891669,0.7193118869306355,0.09350444945107564,0.625,0.07194290270763339,0.625,0.0719429027076334,0.6170670006876904,0.07418088882086266,0.6925,0.051991585857713574,0.6502065842369824,0.04926526084229401,0.4425,0.14075688260259248,0.3075,0.05199158585771355
Safety-Policy-MiniLM,Original_N800,W64_S32_top_k,0.6845625,0.07420184017891669,0.7193118869306355,0.09350444945107564,0.625,0.07194290270763339,0.625,0.0719429027076334,0.6170670006876904,0.07418088882086266,0.6925,0.051991585857713574,0.6502065842369824,0.04926526084229401,0.4425,0.14075688260259248,0.3075,0.05199158585771355
Safety-Policy-MiniLM,Length_Balanced_N488,Global,0.7228231837606838,0.11112259975330427,0.7218556726501124,0.14473599728017889,0.6749166666666666,0.08801307904699918,0.6774038461538462,0.09082736169140426,0.6772826054861665,0.1667062691067811,0.7721153846153846,0.09258466503976762,0.7070666436763406,0.05864629126621971,0.4173076923076923,0.235387700911289,0.2278846153846154,0.09258466503976763
Safety-Policy-MiniLM,Length_Balanced_N488,W24_S12_max,0.731917735042735,0.11001175626474381,0.7276068318172401,0.14632592445583611,0.6769999999999999,0.0850691099766667,0.6794871794871795,0.08790396442073022,0.6765552085767496,0.16613432154692934,0.7846153846153847,0.09650443563879262,0.7114864973305601,0.05647901250868773,0.4256410256410256,0.23609582220291395,0.21538461538461542,0.09650443563879262
Safety-Policy-MiniLM,Length_Balanced_N488,W24_S12_mean,0.7256009615384615,0.10801349986586874,0.7227467506878588,0.14418374315252397,0.6749166666666666,0.08801307904699918,0.6774038461538462,0.09082736169140426,0.6772826054861665,0.1667062691067811,0.7721153846153846,0.09258466503976762,0.7070666436763406,0.05864629126621971,0.4173076923076923,0.235387700911289,0.2278846153846154,0.09258466503976763
Safety-Policy-MiniLM,Length_Balanced_N488,W24_S12_top_k,0.7256009615384615,0.10801349986586874,0.7227467506878588,0.14418374315252397,0.6749166666666666,0.08801307904699918,0.6774038461538462,0.09082736169140426,0.6772826054861665,0.1667062691067811,0.7721153846153846,0.09258466503976762,0.7070666436763406,0.05864629126621971,0.4173076923076923,0.235387700911289,0.2278846153846154,0.09258466503976763
Safety-Policy-MiniLM,Length_Balanced_N488,W32_S16_max,0.7228231837606838,0.11112259975330427,0.7218556726501124,0.14473599728017889,0.6749166666666666,0.08801307904699918,0.6774038461538462,0.09082736169140426,0.6772826054861665,0.1667062691067811,0.7721153846153846,0.09258466503976762,0.7070666436763406,0.05864629126621971,0.4173076923076923,0.235387700911289,0.2278846153846154,0.09258466503976763
Safety-Policy-MiniLM,Length_Balanced_N488,W32_S16_mean,0.7228231837606838,0.11112259975330427,0.7218556726501124,0.14473599728017889,0.6749166666666666,0.08801307904699918,0.6774038461538462,0.09082736169140426,0.6772826054861665,0.1667062691067811,0.7721153846153846,0.09258466503976762,0.7070666436763406,0.05864629126621971,0.4173076923076923,0.235387700911289,0.2278846153846154,0.09258466503976763
Safety-Policy-MiniLM,Length_Balanced_N488,W32_S16_top_k,0.7228231837606838,0.11112259975330427,0.7218556726501124,0.14473599728017889,0.6749166666666666,0.08801307904699918,0.6774038461538462,0.09082736169140426,0.6772826054861665,0.1667062691067811,0.7721153846153846,0.09258466503976762,0.7070666436763406,0.05864629126621971,0.4173076923076923,0.235387700911289,0.2278846153846154,0.09258466503976763
Safety-Policy-MiniLM,Length_Balanced_N488,W40_S20_max,0.7228231837606838,0.11112259975330427,0.7218556726501124,0.14473599728017889,0.6749166666666666,0.08801307904699918,0.6774038461538462,0.09082736169140426,0.6772826054861665,0.1667062691067811,0.7721153846153846,0.09258466503976762,0.7070666436763406,0.05864629126621971,0.4173076923076923,0.235387700911289,0.2278846153846154,0.09258466503976763
Safety-Policy-MiniLM,Length_Balanced_N488,W40_S20_mean,0.7228231837606838,0.11112259975330427,0.7218556726501124,0.14473599728017889,0.6749166666666666,0.08801307904699918,0.6774038461538462,0.09082736169140426,0.6772826054861665,0.1667062691067811,0.7721153846153846,0.09258466503976762,0.7070666436763406,0.05864629126621971,0.4173076923076923,0.235387700911289,0.2278846153846154,0.09258466503976763
Safety-Policy-MiniLM,Length_Balanced_N488,W40_S20_top_k,0.7228231837606838,0.11112259975330427,0.7218556726501124,0.14473599728017889,0.6749166666666666,0.08801307904699918,0.6774038461538462,0.09082736169140426,0.6772826054861665,0.1667062691067811,0.7721153846153846,0.09258466503976762,0.7070666436763406,0.05864629126621971,0.4173076923076923,0.235387700911289,0.2278846153846154,0.09258466503976763
Safety-Policy-MiniLM,Length_Balanced_N488,W64_S32_max,0.7228231837606838,0.11112259975330427,0.7218556726501124,0.14473599728017889,0.6749166666666666,0.08801307904699918,0.6774038461538462,0.09082736169140426,0.6772826054861665,0.1667062691067811,0.7721153846153846,0.09258466503976762,0.7070666436763406,0.05864629126621971,0.4173076923076923,0.235387700911289,0.2278846153846154,0.09258466503976763
Safety-Policy-MiniLM,Length_Balanced_N488,W64_S32_mean,0.7228231837606838,0.11112259975330427,0.7218556726501124,0.14473599728017889,0.6749166666666666,0.08801307904699918,0.6774038461538462,0.09082736169140426,0.6772826054861665,0.1667062691067811,0.7721153846153846,0.09258466503976762,0.7070666436763406,0.05864629126621971,0.4173076923076923,0.235387700911289,0.2278846153846154,0.09258466503976763
Safety-Policy-MiniLM,Length_Balanced_N488,W64_S32_top_k,0.7228231837606838,0.11112259975330427,0.7218556726501124,0.14473599728017889,0.6749166666666666,0.08801307904699918,0.6774038461538462,0.09082736169140426,0.6772826054861665,0.1667062691067811,0.7721153846153846,0.09258466503976762,0.7070666436763406,0.05864629126621971,0.4173076923076923,0.235387700911289,0.2278846153846154,0.09258466503976763
