detector,mode,target_class,variant,mean_harmful_prob,median_harmful_prob,mean_shift,mean_abs_shift,harmful_recall,benign_fpr,class_flip_rate
all-MiniLM-L6-v2_Global,Global,Harmful,original,0.678864733243072,0.7852152648637158,0.0,0.0,0.69,,0.0
all-MiniLM-L6-v2_Global,Global,Harmful,prefix,0.6278851127812418,0.6964132634155202,-0.050979620461830216,0.06740631479618348,0.64,,9.0
all-MiniLM-L6-v2_Global,Global,Harmful,suffix,0.6577560956184422,0.7626426538753819,-0.021108637624629733,0.04037143800802406,0.66,,5.0
all-MiniLM-L6-v2_Global,Global,Harmful,insertion,0.6578774430339229,0.7619719563320663,-0.020987290209149086,0.04320280520158035,0.68,,3.0
all-MiniLM-L6-v2_Global,Global,Benign,original,0.39417480926308285,0.23588616418056263,0.0,0.0,,0.37,0.0
all-MiniLM-L6-v2_Global,Global,Benign,prefix,0.37416720332580594,0.1978383753605174,-0.020007605937276927,0.05737178385958778,,0.31,8.0
all-MiniLM-L6-v2_Global,Global,Benign,suffix,0.3637543491536451,0.2192095659014372,-0.030420460109437875,0.05505942489451014,,0.3,7.000000000000001
all-MiniLM-L6-v2_Global,Global,Benign,insertion,0.37868663897132143,0.19365229672617607,-0.015488170291761461,0.03916866202746425,,0.36,3.0
all-MiniLM-L6-v2_Windowed,Windowed,Harmful,original,0.678864733243072,0.7852152648637161,0.0,0.0,0.69,,0.0
all-MiniLM-L6-v2_Windowed,Windowed,Harmful,prefix,0.6278851127812418,0.69641326341552,-0.05097962046183024,0.06740631479618354,0.64,,9.0
all-MiniLM-L6-v2_Windowed,Windowed,Harmful,suffix,0.6577560956184422,0.7626426538753819,-0.02110863762462975,0.04037143800802408,0.66,,5.0
all-MiniLM-L6-v2_Windowed,Windowed,Harmful,insertion,0.6578774430339229,0.7619719563320662,-0.02098729020914909,0.04320280520158038,0.68,,3.0
all-MiniLM-L6-v2_Windowed,Windowed,Benign,original,0.39417480926308285,0.23588616418056269,0.0,0.0,,0.37,0.0
all-MiniLM-L6-v2_Windowed,Windowed,Benign,prefix,0.37416720332580594,0.19783837536051724,-0.020007605937276907,0.057371783859587785,,0.31,8.0
all-MiniLM-L6-v2_Windowed,Windowed,Benign,suffix,0.3637543491536451,0.21920956590143725,-0.030420460109437882,0.055059424894510114,,0.3,7.000000000000001
all-MiniLM-L6-v2_Windowed,Windowed,Benign,insertion,0.37868663897132143,0.19365229672617612,-0.015488170291761472,0.03916866202746424,,0.36,3.0
Safety-Policy-MiniLM_Global,Global,Harmful,original,0.5321652477115907,0.5679606052838633,0.0,0.0,0.68,,0.0
Safety-Policy-MiniLM_Global,Global,Harmful,prefix,0.5208889003190046,0.5674952338778685,-0.01127634739258616,0.03949588573952983,0.64,,8.0
Safety-Policy-MiniLM_Global,Global,Harmful,suffix,0.5512986078752122,0.6027905494387088,0.019133360163621528,0.03012925528134395,0.71,,7.000000000000001
Safety-Policy-MiniLM_Global,Global,Harmful,insertion,0.5598477503926998,0.6085270734781507,0.027682502681109236,0.047668716734754174,0.74,,10.0
Safety-Policy-MiniLM_Global,Global,Benign,original,0.4410250061832181,0.44535641741234344,0.0,0.0,,0.4,0.0
Safety-Policy-MiniLM_Global,Global,Benign,prefix,0.4321218244619876,0.44477231006926965,-0.00890318172123062,0.04351286305072357,,0.34,12.0
Safety-Policy-MiniLM_Global,Global,Benign,suffix,0.4751874003858891,0.49131417966631713,0.034162394202670844,0.044052318287110204,,0.48,8.0
Safety-Policy-MiniLM_Global,Global,Benign,insertion,0.48685090131378567,0.5181465196800281,0.045825895130567534,0.06368624614708406,,0.55,17.0
Safety-Policy-MiniLM_Windowed,Windowed,Harmful,original,0.5325360084254452,0.5679606052838633,0.0,0.0,0.68,,0.0
Safety-Policy-MiniLM_Windowed,Windowed,Harmful,prefix,0.5237819869177277,0.5674952338778685,-0.008754021507717648,0.04174223939585829,0.65,,9.0
Safety-Policy-MiniLM_Windowed,Windowed,Harmful,suffix,0.5532366290093946,0.6038273923891582,0.020700620583949406,0.03161240457638328,0.72,,8.0
Safety-Policy-MiniLM_Windowed,Windowed,Harmful,insertion,0.5610304427972312,0.6129470200335929,0.028494434371785924,0.04841674429022377,0.74,,10.0
Safety-Policy-MiniLM_Windowed,Windowed,Benign,original,0.44102500253119686,0.44535641741234355,0.0,0.0,,0.4,0.0
Safety-Policy-MiniLM_Windowed,Windowed,Benign,prefix,0.43212181565829005,0.44477231006926987,-0.008903186872906909,0.04351287172687646,,0.34,12.0
Safety-Policy-MiniLM_Windowed,Windowed,Benign,suffix,0.4751874098642853,0.49131417966631713,0.034162407333088424,0.044052320688095795,,0.48,8.0
Safety-Policy-MiniLM_Windowed,Windowed,Benign,insertion,0.48685089938808335,0.5181465196800281,0.045825896856886476,0.06368624423050503,,0.55,17.0
