,,roc_auc,roc_auc,pr_auc,pr_auc,accuracy,accuracy,balanced_accuracy,balanced_accuracy,precision,precision,recall,recall,f1,f1
,,mean,std,mean,std,mean,std,mean,std,mean,std,mean,std,mean,std
dataset,config,,,,,,,,,,,,,,
Original_N800,A_Semantic_Only,0.7159375,0.07652127397720031,0.7146159889472451,0.06659275576155864,0.6537499999999999,0.05738439465569013,0.6537499999999999,0.057384394655690146,0.6528858565369722,0.05312630651720813,0.6575,0.08505512918102001,0.6537697845159666,0.06253761514283482
Original_N800,B_Semantic_Plus_Structural,0.73540625,0.0639439260883608,0.7712717340401782,0.0481835533126288,0.6725,0.05089050746455569,0.6725,0.05089050746455569,0.6674907065129797,0.04169050509838761,0.6925,0.132169398878863,0.6745203447668938,0.06932661900108317
Original_N800,C_Semantic_Plus_Emoji,0.71825,0.07060152402967307,0.7254559726450462,0.06350131335750335,0.6525000000000001,0.05011705049182367,0.6525000000000001,0.05011705049182367,0.6491506857030216,0.04364274526934216,0.665,0.1020875849454771,0.654321031406333,0.06182392600919012
Original_N800,D_Semantic_Plus_Structural_Plus_Emoji,0.7417812500000001,0.06497404078986078,0.7740401135132394,0.04854113663463665,0.6737500000000001,0.058027471942175786,0.6737500000000001,0.0580274719421758,0.6678022597377435,0.046164122975259576,0.6950000000000001,0.13851895177195064,0.6758388847319574,0.0748892054974548
Length_Balanced_N488,A_Semantic_Only,0.7506877670940171,0.0661648677166531,0.7907359963149008,0.053998109306872634,0.6739166666666667,0.036823292371963516,0.6761217948717949,0.03753816133015375,0.6971393791844187,0.06134965717660076,0.6378205128205129,0.15660913690458383,0.6538338025808701,0.07803112741230632
Length_Balanced_N488,B_Semantic_Plus_Structural,0.7199051816239316,0.07311025463676446,0.7427727362374125,0.07608129496359493,0.6434166666666666,0.06803185528363412,0.646474358974359,0.06651461565075496,0.6630262226580583,0.048161647457729294,0.5948717948717949,0.2271501064450294,0.6058551364355935,0.14080675692810485
Length_Balanced_N488,C_Semantic_Plus_Emoji,0.7512152777777779,0.07109393767676132,0.7873080695583434,0.0586928310246114,0.6717500000000001,0.04777097416028089,0.6740384615384615,0.048715049255824094,0.6973504981147495,0.06164817423823395,0.6253205128205128,0.17889023328683287,0.6450097693854435,0.09858792985479198
Length_Balanced_N488,D_Semantic_Plus_Structural_Plus_Emoji,0.7167801816239316,0.07263224430089667,0.7413706626391434,0.07768310460739573,0.6496666666666666,0.05861642616764235,0.6528846153846153,0.056923180692617356,0.6806139158282727,0.07309825580068463,0.5990384615384615,0.22077727136255637,0.6123010077563862,0.13186223737612005
