dataset,fold,roc_auc,pr_auc,accuracy,balanced_accuracy,precision,recall,f1,tp,fp,tn,fn
Original_N800,1,0.6593749999999999,0.6871404910550798,0.6125,0.6125,0.618421052631579,0.5875,0.6025641025641025,47,29,51,33
Original_N800,2,0.66328125,0.7161489953419928,0.61875,0.6187499999999999,0.6021505376344086,0.7,0.6473988439306358,56,37,43,24
Original_N800,3,0.6459374999999999,0.5989236345663189,0.64375,0.64375,0.6055045871559633,0.825,0.6984126984126984,66,43,37,14
Original_N800,4,0.6714062500000001,0.6842852632642188,0.64375,0.64375,0.6493506493506493,0.625,0.6369426751592356,50,27,53,30
Original_N800,5,0.573125,0.6385217593677712,0.50625,0.5062500000000001,0.5046728971962616,0.675,0.5775401069518716,54,53,27,26
Length_Balanced_N488,1,0.7143429487179487,0.6593414806703779,0.64,0.6474358974358975,0.5882352941176471,0.8333333333333334,0.6896551724137931,40,28,24,8
Length_Balanced_N488,2,0.7992788461538463,0.8813122667421985,0.79,0.797275641025641,0.9696969696969697,0.6153846153846154,0.7529411764705882,32,1,47,20
Length_Balanced_N488,3,0.5486111111111112,0.4851295344411456,0.6666666666666666,0.6666666666666666,0.6111111111111112,0.9166666666666666,0.7333333333333333,44,28,20,4
Length_Balanced_N488,4,0.6488715277777778,0.6342965589998548,0.5729166666666666,0.5729166666666667,0.5522388059701493,0.7708333333333334,0.6434782608695652,37,30,18,11
Length_Balanced_N488,5,0.6501736111111109,0.6975404459038141,0.6041666666666666,0.6041666666666666,0.5806451612903226,0.75,0.6545454545454545,36,26,22,12
