model,comparison,mean_delta_prob,std_delta_prob,mean_abs_delta_prob,max_abs_delta_prob,wilcoxon_p_value,flips_harmful_to_benign (evasions),flips_benign_to_harmful (alarms),unchanged_decisions,flip_rate
Model 1 (Text Baseline),prefix_vs_original,0.0,0.0,0.0,0.0,1.0,0,0,100,0.0
Model 1 (Text Baseline),suffix_vs_original,0.0,0.0,0.0,0.0,1.0,0,0,100,0.0
Model 1 (Text Baseline),insertion_vs_original,0.0,0.0,0.0,0.0,1.0,0,0,100,0.0
Model 2 (Emoji/Morphology Baseline),prefix_vs_original,-0.00297125325354684,0.0570592209904043,0.03935309465124783,0.18434121790439828,0.4290514402602439,3,3,94,0.06
Model 2 (Emoji/Morphology Baseline),suffix_vs_original,-0.00184522374689716,0.05461724846620936,0.03793179335575115,0.1797723997493731,0.5207337338176683,5,3,92,0.08
Model 2 (Emoji/Morphology Baseline),insertion_vs_original,-0.003328218851510634,0.05609598394382267,0.03967118772512255,0.1883013374783108,0.2033071003047997,5,3,92,0.08
Model 3 (Proposed Hybrid),prefix_vs_original,-0.00949580608909736,0.04757135527312615,0.03885642150955976,0.17822699017225718,0.0039171894476237945,6,1,93,0.07
Model 3 (Proposed Hybrid),suffix_vs_original,-0.010201413213846086,0.04766873476133885,0.03906179014074861,0.17820163093558739,0.003212424003975313,6,1,93,0.07
Model 3 (Proposed Hybrid),insertion_vs_original,-0.009839094582704704,0.047599558590776025,0.038881220566393974,0.17833168674781247,0.0034714875822547463,6,1,93,0.07
