unique_pair_id,model,prob_original,prob_prefix,prob_suffix,prob_insertion,shift_prefix,shift_suffix,shift_insertion
1_0,Model 1 (Text Baseline),0.3196069840515268,0.3196069840515268,0.3196069840515268,0.3196069840515268,0.0,0.0,0.0
1_1,Model 1 (Text Baseline),0.6870044042141035,0.6870044042141035,0.6870044042141035,0.6870044042141035,0.0,0.0,0.0
1_10,Model 1 (Text Baseline),0.5762289108301536,0.5762289108301536,0.5762289108301536,0.5762289108301536,0.0,0.0,0.0
1_11,Model 1 (Text Baseline),0.7915652851765792,0.7915652851765792,0.7915652851765792,0.7915652851765792,0.0,0.0,0.0
1_12,Model 1 (Text Baseline),0.5286441400042432,0.5286441400042432,0.5286441400042432,0.5286441400042432,0.0,0.0,0.0
1_13,Model 1 (Text Baseline),0.5164845551440495,0.5164845551440495,0.5164845551440495,0.5164845551440495,0.0,0.0,0.0
1_14,Model 1 (Text Baseline),0.3151488660449664,0.3151488660449664,0.3151488660449664,0.3151488660449664,0.0,0.0,0.0
1_15,Model 1 (Text Baseline),0.3154534585571647,0.3154534585571647,0.3154534585571647,0.3154534585571647,0.0,0.0,0.0
1_16,Model 1 (Text Baseline),0.3580868212481282,0.3580868212481282,0.3580868212481282,0.3580868212481282,0.0,0.0,0.0
1_17,Model 1 (Text Baseline),0.5456288032049326,0.5456288032049326,0.5456288032049326,0.5456288032049326,0.0,0.0,0.0
1_18,Model 1 (Text Baseline),0.4272340993244563,0.4272340993244563,0.4272340993244563,0.4272340993244563,0.0,0.0,0.0
1_19,Model 1 (Text Baseline),0.4493060725228799,0.4493060725228799,0.4493060725228799,0.4493060725228799,0.0,0.0,0.0
1_2,Model 1 (Text Baseline),0.4995800790203503,0.4995800790203503,0.4995800790203503,0.4995800790203503,0.0,0.0,0.0
1_20,Model 1 (Text Baseline),0.4589630116397496,0.4589630116397496,0.4589630116397496,0.4589630116397496,0.0,0.0,0.0
1_21,Model 1 (Text Baseline),0.4159446146055391,0.4159446146055391,0.4159446146055391,0.4159446146055391,0.0,0.0,0.0
1_22,Model 1 (Text Baseline),0.5222717573540699,0.5222717573540699,0.5222717573540699,0.5222717573540699,0.0,0.0,0.0
1_23,Model 1 (Text Baseline),0.5541640419124326,0.5541640419124326,0.5541640419124326,0.5541640419124326,0.0,0.0,0.0
1_24,Model 1 (Text Baseline),0.6059212750075599,0.6059212750075599,0.6059212750075599,0.6059212750075599,0.0,0.0,0.0
1_25,Model 1 (Text Baseline),0.4412822581630077,0.4412822581630077,0.4412822581630077,0.4412822581630077,0.0,0.0,0.0
1_26,Model 1 (Text Baseline),0.4275984288021855,0.4275984288021855,0.4275984288021855,0.4275984288021855,0.0,0.0,0.0
1_27,Model 1 (Text Baseline),0.3184964601518633,0.3184964601518633,0.3184964601518633,0.3184964601518633,0.0,0.0,0.0
1_28,Model 1 (Text Baseline),0.4736975366972041,0.4736975366972041,0.4736975366972041,0.4736975366972041,0.0,0.0,0.0
1_29,Model 1 (Text Baseline),0.3847709132486427,0.3847709132486427,0.3847709132486427,0.3847709132486427,0.0,0.0,0.0
1_3,Model 1 (Text Baseline),0.4618304751417539,0.4618304751417539,0.4618304751417539,0.4618304751417539,0.0,0.0,0.0
1_30,Model 1 (Text Baseline),0.6598427416830137,0.6598427416830137,0.6598427416830137,0.6598427416830137,0.0,0.0,0.0
1_31,Model 1 (Text Baseline),0.3776070709959642,0.3776070709959642,0.3776070709959642,0.3776070709959642,0.0,0.0,0.0
1_32,Model 1 (Text Baseline),0.2602028990863295,0.2602028990863295,0.2602028990863295,0.2602028990863295,0.0,0.0,0.0
1_33,Model 1 (Text Baseline),0.3365928520725227,0.3365928520725227,0.3365928520725227,0.3365928520725227,0.0,0.0,0.0
1_34,Model 1 (Text Baseline),0.3400043075722936,0.3400043075722936,0.3400043075722936,0.3400043075722936,0.0,0.0,0.0
1_35,Model 1 (Text Baseline),0.5945779602596738,0.5945779602596738,0.5945779602596738,0.5945779602596738,0.0,0.0,0.0
1_36,Model 1 (Text Baseline),0.5733660618119171,0.5733660618119171,0.5733660618119171,0.5733660618119171,0.0,0.0,0.0
1_37,Model 1 (Text Baseline),0.5927792089963934,0.5927792089963934,0.5927792089963934,0.5927792089963934,0.0,0.0,0.0
1_38,Model 1 (Text Baseline),0.59837943937662,0.59837943937662,0.59837943937662,0.59837943937662,0.0,0.0,0.0
1_39,Model 1 (Text Baseline),0.6544300139862422,0.6544300139862422,0.6544300139862422,0.6544300139862422,0.0,0.0,0.0
1_4,Model 1 (Text Baseline),0.286975278217902,0.286975278217902,0.286975278217902,0.286975278217902,0.0,0.0,0.0
1_40,Model 1 (Text Baseline),0.5452766278947887,0.5452766278947887,0.5452766278947887,0.5452766278947887,0.0,0.0,0.0
1_41,Model 1 (Text Baseline),0.5583039700107782,0.5583039700107782,0.5583039700107782,0.5583039700107782,0.0,0.0,0.0
1_42,Model 1 (Text Baseline),0.4074146495993549,0.4074146495993549,0.4074146495993549,0.4074146495993549,0.0,0.0,0.0
1_43,Model 1 (Text Baseline),0.6305573923880349,0.6305573923880349,0.6305573923880349,0.6305573923880349,0.0,0.0,0.0
1_44,Model 1 (Text Baseline),0.4144376573285466,0.4144376573285466,0.4144376573285466,0.4144376573285466,0.0,0.0,0.0
1_45,Model 1 (Text Baseline),0.7674764878000015,0.7674764878000015,0.7674764878000015,0.7674764878000015,0.0,0.0,0.0
1_46,Model 1 (Text Baseline),0.4813061084693889,0.4813061084693889,0.4813061084693889,0.4813061084693889,0.0,0.0,0.0
1_47,Model 1 (Text Baseline),0.6362043415218284,0.6362043415218284,0.6362043415218284,0.6362043415218284,0.0,0.0,0.0
1_48,Model 1 (Text Baseline),0.501812811782788,0.501812811782788,0.501812811782788,0.501812811782788,0.0,0.0,0.0
1_49,Model 1 (Text Baseline),0.3853149710858924,0.3853149710858924,0.3853149710858924,0.3853149710858924,0.0,0.0,0.0
1_5,Model 1 (Text Baseline),0.2885935471688896,0.2885935471688896,0.2885935471688896,0.2885935471688896,0.0,0.0,0.0
1_50,Model 1 (Text Baseline),0.4395916686529107,0.4395916686529107,0.4395916686529107,0.4395916686529107,0.0,0.0,0.0
1_51,Model 1 (Text Baseline),0.4508221696133873,0.4508221696133873,0.4508221696133873,0.4508221696133873,0.0,0.0,0.0
1_52,Model 1 (Text Baseline),0.3361240598541087,0.3361240598541087,0.3361240598541087,0.3361240598541087,0.0,0.0,0.0
1_53,Model 1 (Text Baseline),0.4646502468160725,0.4646502468160725,0.4646502468160725,0.4646502468160725,0.0,0.0,0.0
1_54,Model 1 (Text Baseline),0.526442258686643,0.526442258686643,0.526442258686643,0.526442258686643,0.0,0.0,0.0
1_55,Model 1 (Text Baseline),0.2123479011000123,0.2123479011000123,0.2123479011000123,0.2123479011000123,0.0,0.0,0.0
1_56,Model 1 (Text Baseline),0.3904684983771238,0.3904684983771238,0.3904684983771238,0.3904684983771238,0.0,0.0,0.0
1_57,Model 1 (Text Baseline),0.4083979308979772,0.4083979308979772,0.4083979308979772,0.4083979308979772,0.0,0.0,0.0
1_58,Model 1 (Text Baseline),0.40293372344549,0.40293372344549,0.40293372344549,0.40293372344549,0.0,0.0,0.0
1_59,Model 1 (Text Baseline),0.5261801481450734,0.5261801481450734,0.5261801481450734,0.5261801481450734,0.0,0.0,0.0
1_6,Model 1 (Text Baseline),0.3128071489031864,0.3128071489031864,0.3128071489031864,0.3128071489031864,0.0,0.0,0.0
1_60,Model 1 (Text Baseline),0.4573146467211308,0.4573146467211308,0.4573146467211308,0.4573146467211308,0.0,0.0,0.0
1_61,Model 1 (Text Baseline),0.4993408589022725,0.4993408589022725,0.4993408589022725,0.4993408589022725,0.0,0.0,0.0
1_62,Model 1 (Text Baseline),0.5737338712502426,0.5737338712502426,0.5737338712502426,0.5737338712502426,0.0,0.0,0.0
1_63,Model 1 (Text Baseline),0.4214648808799905,0.4214648808799905,0.4214648808799905,0.4214648808799905,0.0,0.0,0.0
1_64,Model 1 (Text Baseline),0.4243258993869199,0.4243258993869199,0.4243258993869199,0.4243258993869199,0.0,0.0,0.0
1_65,Model 1 (Text Baseline),0.5161676109155703,0.5161676109155703,0.5161676109155703,0.5161676109155703,0.0,0.0,0.0
1_66,Model 1 (Text Baseline),0.3643354863004008,0.3643354863004008,0.3643354863004008,0.3643354863004008,0.0,0.0,0.0
1_67,Model 1 (Text Baseline),0.5858960391829764,0.5858960391829764,0.5858960391829764,0.5858960391829764,0.0,0.0,0.0
1_68,Model 1 (Text Baseline),0.4440024283675086,0.4440024283675086,0.4440024283675086,0.4440024283675086,0.0,0.0,0.0
1_69,Model 1 (Text Baseline),0.6644338257556761,0.6644338257556761,0.6644338257556761,0.6644338257556761,0.0,0.0,0.0
1_7,Model 1 (Text Baseline),0.3848457768624766,0.3848457768624766,0.3848457768624766,0.3848457768624766,0.0,0.0,0.0
1_70,Model 1 (Text Baseline),0.4982737138961552,0.4982737138961552,0.4982737138961552,0.4982737138961552,0.0,0.0,0.0
1_71,Model 1 (Text Baseline),0.494993835762867,0.494993835762867,0.494993835762867,0.494993835762867,0.0,0.0,0.0
1_72,Model 1 (Text Baseline),0.3218876811787384,0.3218876811787384,0.3218876811787384,0.3218876811787384,0.0,0.0,0.0
1_73,Model 1 (Text Baseline),0.3252745042458934,0.3252745042458934,0.3252745042458934,0.3252745042458934,0.0,0.0,0.0
1_74,Model 1 (Text Baseline),0.486112599987561,0.486112599987561,0.486112599987561,0.486112599987561,0.0,0.0,0.0
1_75,Model 1 (Text Baseline),0.3738293792854859,0.3738293792854859,0.3738293792854859,0.3738293792854859,0.0,0.0,0.0
1_76,Model 1 (Text Baseline),0.3119838302443986,0.3119838302443986,0.3119838302443986,0.3119838302443986,0.0,0.0,0.0
1_77,Model 1 (Text Baseline),0.453920046365303,0.453920046365303,0.453920046365303,0.453920046365303,0.0,0.0,0.0
1_78,Model 1 (Text Baseline),0.6381605354166571,0.6381605354166571,0.6381605354166571,0.6381605354166571,0.0,0.0,0.0
1_79,Model 1 (Text Baseline),0.4218601264948173,0.4218601264948173,0.4218601264948173,0.4218601264948173,0.0,0.0,0.0
1_8,Model 1 (Text Baseline),0.3192060775655871,0.3192060775655871,0.3192060775655871,0.3192060775655871,0.0,0.0,0.0
1_80,Model 1 (Text Baseline),0.5306663629404593,0.5306663629404593,0.5306663629404593,0.5306663629404593,0.0,0.0,0.0
1_81,Model 1 (Text Baseline),0.5451125305792794,0.5451125305792794,0.5451125305792794,0.5451125305792794,0.0,0.0,0.0
1_82,Model 1 (Text Baseline),0.3349188666873483,0.3349188666873483,0.3349188666873483,0.3349188666873483,0.0,0.0,0.0
1_83,Model 1 (Text Baseline),0.6802353663218836,0.6802353663218836,0.6802353663218836,0.6802353663218836,0.0,0.0,0.0
1_84,Model 1 (Text Baseline),0.4978810298328736,0.4978810298328736,0.4978810298328736,0.4978810298328736,0.0,0.0,0.0
1_85,Model 1 (Text Baseline),0.4012003877537027,0.4012003877537027,0.4012003877537027,0.4012003877537027,0.0,0.0,0.0
1_86,Model 1 (Text Baseline),0.396106456939411,0.396106456939411,0.396106456939411,0.396106456939411,0.0,0.0,0.0
1_87,Model 1 (Text Baseline),0.6632616092716067,0.6632616092716067,0.6632616092716067,0.6632616092716067,0.0,0.0,0.0
1_88,Model 1 (Text Baseline),0.5024639236418073,0.5024639236418073,0.5024639236418073,0.5024639236418073,0.0,0.0,0.0
1_89,Model 1 (Text Baseline),0.4843092973332374,0.4843092973332374,0.4843092973332374,0.4843092973332374,0.0,0.0,0.0
1_9,Model 1 (Text Baseline),0.3384582623518776,0.3384582623518776,0.3384582623518776,0.3384582623518776,0.0,0.0,0.0
1_90,Model 1 (Text Baseline),0.5551014234226384,0.5551014234226384,0.5551014234226384,0.5551014234226384,0.0,0.0,0.0
1_91,Model 1 (Text Baseline),0.5097187994169575,0.5097187994169575,0.5097187994169575,0.5097187994169575,0.0,0.0,0.0
1_92,Model 1 (Text Baseline),0.2651461559889171,0.2651461559889171,0.2651461559889171,0.2651461559889171,0.0,0.0,0.0
1_93,Model 1 (Text Baseline),0.3363015447253044,0.3363015447253044,0.3363015447253044,0.3363015447253044,0.0,0.0,0.0
1_94,Model 1 (Text Baseline),0.4195942422193965,0.4195942422193965,0.4195942422193965,0.4195942422193965,0.0,0.0,0.0
1_95,Model 1 (Text Baseline),0.2948518436420624,0.2948518436420624,0.2948518436420624,0.2948518436420624,0.0,0.0,0.0
1_96,Model 1 (Text Baseline),0.412889388607926,0.412889388607926,0.412889388607926,0.412889388607926,0.0,0.0,0.0
1_97,Model 1 (Text Baseline),0.5789594278785292,0.5789594278785292,0.5789594278785292,0.5789594278785292,0.0,0.0,0.0
1_98,Model 1 (Text Baseline),0.5281731947913102,0.5281731947913102,0.5281731947913102,0.5281731947913102,0.0,0.0,0.0
1_99,Model 1 (Text Baseline),0.5122970758539915,0.5122970758539915,0.5122970758539915,0.5122970758539915,0.0,0.0,0.0
1_0,Model 2 (Emoji/Morphology Baseline),0.5366742541393871,0.5039237743469187,0.489813627748042,0.4766953132653615,-0.03275047979246837,-0.046860626391345084,-0.059978940874025555
1_1,Model 2 (Emoji/Morphology Baseline),0.9539132279144644,0.981038892799061,0.9700092835194516,0.9814136207281366,0.027125664884596556,0.01609605560498717,0.027500392813672225
1_10,Model 2 (Emoji/Morphology Baseline),0.3848223808815709,0.3507554690738556,0.3659430283427995,0.3525588874761953,-0.03406691180771532,-0.018879352538771377,-0.0322634934053756
1_11,Model 2 (Emoji/Morphology Baseline),0.5615160139897099,0.6943370485246791,0.6930911705728456,0.6857146073005376,0.1328210345349693,0.1315751565831358,0.12419859331082772
1_12,Model 2 (Emoji/Morphology Baseline),0.8712987281769299,0.8971920704037865,0.9015443943179926,0.8846144483187796,0.025893342226856575,0.03024566614106272,0.013315720141849674
1_13,Model 2 (Emoji/Morphology Baseline),0.3626910795110348,0.3391999901981539,0.3558025064282336,0.3523488533282568,-0.02349108931288091,-0.006888573082801219,-0.010342226182778025
1_14,Model 2 (Emoji/Morphology Baseline),0.4916092947537198,0.5764314567995172,0.5889974903560565,0.5927985732808433,0.08482216204579746,0.09738819560233675,0.1011892785271235
1_15,Model 2 (Emoji/Morphology Baseline),0.6769453124524294,0.8373907256822932,0.8287653892991336,0.820487772033572,0.16044541322986383,0.15182007684670418,0.14354245958114265
1_16,Model 2 (Emoji/Morphology Baseline),0.3744407197760334,0.3548246974049112,0.3622849895129956,0.3591055813428334,-0.0196160223711222,-0.01215573026303779,-0.015335138433200002
1_17,Model 2 (Emoji/Morphology Baseline),0.7028315480933172,0.6529169376052099,0.6288396070322624,0.6515494666035804,-0.0499146104881073,-0.07399194106105478,-0.051282081489736786
1_18,Model 2 (Emoji/Morphology Baseline),0.6013596504611817,0.6087451650118784,0.6136077213241172,0.6090345414943397,0.007385514550696692,0.012248070862935556,0.007674891033157993
1_19,Model 2 (Emoji/Morphology Baseline),0.3369200423163028,0.3062171110319677,0.3163433382272086,0.3016866141764213,-0.0307029312843351,-0.020576704089094178,-0.035233428139881506
1_2,Model 2 (Emoji/Morphology Baseline),0.9992592592592592,0.9948790896159316,0.9987329434697856,0.9987096774193548,-0.004380169643327547,-0.000526315789473597,-0.0005495818399043895
1_20,Model 2 (Emoji/Morphology Baseline),0.4577449520102367,0.4678527673144383,0.4646522074088955,0.4489827909274103,0.010107815304201628,0.006907255398658829,-0.008762161082826403
1_21,Model 2 (Emoji/Morphology Baseline),0.9850979883051072,0.981038892799061,0.9700092835194516,0.9814136207281366,-0.0040590955060462175,-0.015088704785655604,-0.0036843675769705486
1_22,Model 2 (Emoji/Morphology Baseline),0.5174314859724849,0.3677717915797366,0.3989995329866728,0.395369117531774,-0.1496596943927483,-0.1184319529858121,-0.12206236844071089
1_23,Model 2 (Emoji/Morphology Baseline),0.3226689794930859,0.3414125222999829,0.3285475568322051,0.3353252895471763,0.01874354280689705,0.005878577339119229,0.012656310054090403
1_24,Model 2 (Emoji/Morphology Baseline),0.384609203765704,0.3156419386782045,0.3287465483808183,0.3251961312520331,-0.06896726508749951,-0.05586265538488572,-0.059413072513670895
1_25,Model 2 (Emoji/Morphology Baseline),0.4514553903277894,0.4614408746017235,0.4576633077306337,0.4497228039201059,0.009985484273934087,0.006207917402844265,-0.001732586407683534
1_26,Model 2 (Emoji/Morphology Baseline),0.3048120481066132,0.2871891143623975,0.2812726042508006,0.2758852469191554,-0.017622933744215696,-0.023539443855812636,-0.02892680118745783
1_27,Model 2 (Emoji/Morphology Baseline),0.4420792708078143,0.3977943013873224,0.3902809321780395,0.3848758722350455,-0.04428496942049187,-0.05179833862977479,-0.05720339857276879
1_28,Model 2 (Emoji/Morphology Baseline),0.5869283022539793,0.5194667119276353,0.5041257722982844,0.512765925087166,-0.06746159032634402,-0.08280252995569493,-0.07416237716681329
1_29,Model 2 (Emoji/Morphology Baseline),0.3626910795110348,0.3391999901981539,0.3558025064282336,0.3523488533282568,-0.02349108931288091,-0.006888573082801219,-0.010342226182778025
1_3,Model 2 (Emoji/Morphology Baseline),0.6757787842723911,0.6904884827955374,0.6961547582830779,0.6749010162699333,0.014709698523146297,0.020375974010686804,-0.0008777680024578682
1_30,Model 2 (Emoji/Morphology Baseline),0.8828798945811311,0.9178830956976116,0.8665757086402245,0.90499695406147,0.035003201116480476,-0.016304185940906657,0.02211705948033882
1_31,Model 2 (Emoji/Morphology Baseline),0.3497173162764671,0.3386259077301266,0.3526046403085076,0.3518042352961064,-0.011091408546340553,0.0028873240320404503,0.002086919019639255
1_32,Model 2 (Emoji/Morphology Baseline),0.4578080745146213,0.4403618093123639,0.4337176659340936,0.4302137941146687,-0.017446265202257394,-0.02409040858052769,-0.027594280399952598
1_33,Model 2 (Emoji/Morphology Baseline),0.3326298667949841,0.3320749540514927,0.3196089001795656,0.3269008860465291,-0.0005549127434913981,-0.013020966615418461,-0.005728980748454959
1_34,Model 2 (Emoji/Morphology Baseline),0.4450448764436275,0.4536424234273011,0.4737900068188354,0.4659326537567801,0.008597546983673598,0.028745130375207872,0.02088777731315261
1_35,Model 2 (Emoji/Morphology Baseline),0.9209358325629672,0.9672240418031132,0.9578263514263512,0.9480933502724218,0.04628820924014598,0.036890518863384014,0.027157517709454626
1_36,Model 2 (Emoji/Morphology Baseline),0.3830838258876071,0.3774876695853429,0.3415896908647362,0.3576087643695917,-0.005596156302264177,-0.041494135022870915,-0.025475061518015374
1_37,Model 2 (Emoji/Morphology Baseline),0.4719670053571996,0.4688499392660059,0.4570889720634403,0.4674674169156628,-0.003117066091193721,-0.014878033293759307,-0.004499588441536806
1_38,Model 2 (Emoji/Morphology Baseline),0.4445022745422769,0.4441476652959237,0.4402480145355198,0.44034627988422,-0.00035460924635322133,-0.004254260006757105,-0.0041559946580569385
1_39,Model 2 (Emoji/Morphology Baseline),0.575109496965487,0.6431978331508479,0.6307739013939073,0.6332651294033897,0.06808833618536092,0.055664404428420355,0.05815563243790278
1_4,Model 2 (Emoji/Morphology Baseline),0.3606237575123024,0.4613484577829586,0.4428812848999303,0.4377170442632422,0.10072470027065616,0.08225752738762787,0.0770932867509398
1_40,Model 2 (Emoji/Morphology Baseline),0.6435849383333097,0.6388015051738927,0.6313065310899266,0.6412599858364877,-0.004783433159416983,-0.012278407243383027,-0.0023249524968219637
1_41,Model 2 (Emoji/Morphology Baseline),0.4521691032387758,0.4614408746017235,0.4576633077306337,0.4497228039201059,0.009271771362947712,0.00549420449185789,-0.002446299318669909
1_42,Model 2 (Emoji/Morphology Baseline),0.4531333863339716,0.4020834270137786,0.3967341021958917,0.4061187722293017,-0.05104995932019302,-0.056399284138079875,-0.047014614104669894
1_43,Model 2 (Emoji/Morphology Baseline),0.4831418284145986,0.4487185225074367,0.4479912546513052,0.4513636035040425,-0.03442330590716186,-0.03515057376329339,-0.0317782249105561
1_44,Model 2 (Emoji/Morphology Baseline),0.345434420899149,0.3729859288731105,0.3660987900874097,0.3656589532170684,0.027551507973961498,0.0206643691882607,0.02022453231791943
1_45,Model 2 (Emoji/Morphology Baseline),0.598411177931518,0.6059338007760477,0.6316436361158441,0.6024213944559312,0.007522622844529758,0.033232458184326075,0.004010216524413246
1_46,Model 2 (Emoji/Morphology Baseline),0.488352991345668,0.4752027735048457,0.4781321594671022,0.4646918663738787,-0.01315021784082232,-0.010220831878565817,-0.023661124971789294
1_47,Model 2 (Emoji/Morphology Baseline),0.998119658119658,0.9908006272401436,0.9946111111111112,0.9952777777777778,-0.007319030879514354,-0.0035085470085467474,-0.002841880341880154
1_48,Model 2 (Emoji/Morphology Baseline),0.4708235024558692,0.4773907902146084,0.4701279797376221,0.4757103196223985,0.006567287758739215,-0.0006955227182470769,0.004886817166529334
1_49,Model 2 (Emoji/Morphology Baseline),0.3070657811279573,0.28851407243124,0.2790616874299453,0.2762259019079334,-0.018551708696717295,-0.02800409369801199,-0.030839879220023902
1_5,Model 2 (Emoji/Morphology Baseline),0.4930888517054484,0.5699168058257433,0.577979886455314,0.5894652171287524,0.07682795412029492,0.08489103474986553,0.09637636542330402
1_50,Model 2 (Emoji/Morphology Baseline),0.4044933071012032,0.4371829267122984,0.4475138898292037,0.4550809576349886,0.03268961961109523,0.04302058272800052,0.050587650533785444
1_51,Model 2 (Emoji/Morphology Baseline),0.4099860639153416,0.3868456317625985,0.3919865703393555,0.37968752010222,-0.023140432152743085,-0.01799949357598607,-0.03029854381312158
1_52,Model 2 (Emoji/Morphology Baseline),0.8177494833811098,0.9265240262375128,0.9314256366849024,0.9318791265262152,0.10877454285640309,0.11367615330379266,0.11412964314510543
1_53,Model 2 (Emoji/Morphology Baseline),0.3751295883467013,0.3597795765358823,0.3789120336613084,0.3574064565801512,-0.01535001181081902,0.0037824453146070858,-0.017723131766550104
1_54,Model 2 (Emoji/Morphology Baseline),0.360043332538018,0.3037604296022022,0.294934772342417,0.2972886142235488,-0.05628290293581584,-0.06510856019560102,-0.06275471831446922
1_55,Model 2 (Emoji/Morphology Baseline),0.5283088988281502,0.543737462449121,0.5528238896346216,0.5653601536805953,0.015428563620970781,0.02451499080647135,0.03705125485244509
1_56,Model 2 (Emoji/Morphology Baseline),0.5558823483988156,0.5938403897560682,0.6033409073722794,0.6100098948108684,0.03795804135725267,0.04745855897346385,0.05412754641205286
1_57,Model 2 (Emoji/Morphology Baseline),0.4626932495251555,0.4960674749393391,0.4810089021846055,0.4940497713566257,0.03337422541418361,0.01831565265945001,0.0313565218314702
1_58,Model 2 (Emoji/Morphology Baseline),0.3382355019966402,0.3176700240059489,0.3285899434331754,0.3165074415242547,-0.020565477990691305,-0.009645558563464829,-0.021728060472385513
1_59,Model 2 (Emoji/Morphology Baseline),0.9992592592592592,0.9954054054054056,0.9992592592592592,0.9987096774193548,-0.003853853853853617,0.0,-0.0005495818399043895
1_6,Model 2 (Emoji/Morphology Baseline),0.8775343486922433,0.9423981627455738,0.9366183688387636,0.9602254273504274,0.06486381405333042,0.059084020146520255,0.08269107865818404
1_60,Model 2 (Emoji/Morphology Baseline),0.6548082376435806,0.5353242967865918,0.5448038410529672,0.5449448162925489,-0.11948394085698888,-0.11000439659061345,-0.10986342135103178
1_61,Model 2 (Emoji/Morphology Baseline),0.5869283022539793,0.5246182270791505,0.5134439541164663,0.5145841069053477,-0.06231007517482878,-0.07348434813751303,-0.07234419534863157
1_62,Model 2 (Emoji/Morphology Baseline),0.5515334858666293,0.5686471540722621,0.5803164706832178,0.5646339015967421,0.01711366820563276,0.028782984816588475,0.01310041573011278
1_63,Model 2 (Emoji/Morphology Baseline),0.4058895709800961,0.3841511275915709,0.4040147263166261,0.3867556313321378,-0.021738443388525208,-0.0018748446634699878,-0.019133939647958287
1_64,Model 2 (Emoji/Morphology Baseline),0.3024120481066132,0.28623067713623,0.2826397484199819,0.2692515051525671,-0.01618137097038319,-0.0197722996866313,-0.03316054295404608
1_65,Model 2 (Emoji/Morphology Baseline),0.514445114117413,0.3837738891906445,0.3833965557381162,0.3775723219607199,-0.13067122492676853,-0.1310485583792968,-0.13687279215669312
1_66,Model 2 (Emoji/Morphology Baseline),0.4445022745422769,0.441010410393963,0.4371107596335589,0.4411673583155926,-0.003491864148313928,-0.007391514908718033,-0.0033349162266843035
1_67,Model 2 (Emoji/Morphology Baseline),0.6303383697536513,0.6346179922308248,0.6319070639092194,0.6247797262093007,0.004279622477173506,0.00156869415556804,-0.00555864354435065
1_68,Model 2 (Emoji/Morphology Baseline),0.7675627451363869,0.6401859671668555,0.6632986369132887,0.6697635391160495,-0.1273767779695314,-0.10426410822309817,-0.09779920602033743
1_69,Model 2 (Emoji/Morphology Baseline),0.3613771270732882,0.3645365276782256,0.3569130763344372,0.3365365793826496,0.0031594006049374124,-0.004464050738850978,-0.024840547690638592
1_7,Model 2 (Emoji/Morphology Baseline),0.5235987891784665,0.501390393762182,0.4986911784515386,0.4878780248730705,-0.0222083954162845,-0.024907610726927876,-0.03572076430539595
1_70,Model 2 (Emoji/Morphology Baseline),0.288527666169193,0.2618490628016384,0.2573889608795833,0.253104373614652,-0.02667860336755462,-0.031138705289609714,-0.03542329255454102
1_71,Model 2 (Emoji/Morphology Baseline),0.5222048972394253,0.4569827754257441,0.4866854012556234,0.4775246617070656,-0.0652221218136812,-0.03551949598380194,-0.044680235532359724
1_72,Model 2 (Emoji/Morphology Baseline),0.4736497594371134,0.4730852394577259,0.472086717314335,0.4676690571991113,-0.0005645199793875011,-0.001563042122778413,-0.005980702238002122
1_73,Model 2 (Emoji/Morphology Baseline),0.4998763555532675,0.4874452943239336,0.4831719826285948,0.4988422329226823,-0.012431061229333906,-0.016704372924672695,-0.0010341226305851658
1_74,Model 2 (Emoji/Morphology Baseline),0.5100328211540024,0.6019295427635213,0.5849073833917446,0.6031133971793206,0.0918967216095189,0.07487456223774225,0.09308057602531816
1_75,Model 2 (Emoji/Morphology Baseline),0.459487841468531,0.4687596128314788,0.4649820459603889,0.4570415421498611,0.009271771362947823,0.00549420449185789,-0.002446299318669909
1_76,Model 2 (Emoji/Morphology Baseline),0.3293467529513467,0.311401273360867,0.3215275005561077,0.3110374431719871,-0.017945479590479707,-0.007819252395239007,-0.018309309779359573
1_77,Model 2 (Emoji/Morphology Baseline),0.4034433288368265,0.4014769528760112,0.3991333986314056,0.407499962865241,-0.001966375960815281,-0.004309930205420864,0.004056634028414496
1_78,Model 2 (Emoji/Morphology Baseline),0.4588459043369844,0.4399604352738329,0.4431612850670416,0.4399911931314044,-0.018885469063151528,-0.0156846192699428,-0.01885471120558002
1_79,Model 2 (Emoji/Morphology Baseline),0.7729233675757244,0.7966512252927223,0.7983166777194878,0.8002716411208926,0.023727857716997813,0.025393310143763337,0.02734827354516811
1_8,Model 2 (Emoji/Morphology Baseline),0.4650965560086012,0.4574639611759358,0.4552124078518316,0.4611639331112757,-0.007632594832665429,-0.009884148156769634,-0.003932622897325544
1_80,Model 2 (Emoji/Morphology Baseline),0.384609203765704,0.3187530497893156,0.3318576594919294,0.3283072423631442,-0.06585615397638839,-0.0527515442737746,-0.05630196140255983
1_81,Model 2 (Emoji/Morphology Baseline),0.4855997693562739,0.4705821328551634,0.466837593549906,0.4641254500724481,-0.015017636501110487,-0.01876217580636791,-0.021474319283825816
1_82,Model 2 (Emoji/Morphology Baseline),0.5378920165915173,0.6020171406810594,0.5803920003278313,0.5800169826438207,0.06412512408954207,0.04249998373631403,0.042124966052303425
1_83,Model 2 (Emoji/Morphology Baseline),0.2917958375441614,0.3342529031566481,0.361383221815314,0.3478395215984747,0.04245706561248669,0.06958738427115263,0.056043684054313314
1_84,Model 2 (Emoji/Morphology Baseline),0.5621291114529128,0.6228446093733833,0.6089510447946567,0.6185418305433159,0.060715497920470485,0.04682193334174389,0.05641271909040313
1_85,Model 2 (Emoji/Morphology Baseline),0.6822170024781784,0.7080273367783636,0.686932835833219,0.7083934359383923,0.0258103343001852,0.004715833355040555,0.02617643346021392
1_86,Model 2 (Emoji/Morphology Baseline),0.8879943229097654,0.9085795817930684,0.9092589700182356,0.8998870630341516,0.02058525888330298,0.021264647108470203,0.011892740124386125
1_87,Model 2 (Emoji/Morphology Baseline),0.454127016726263,0.4400004359614785,0.4353888116584589,0.422498654872621,-0.014126580764784513,-0.018738205067804103,-0.031628361853641984
1_88,Model 2 (Emoji/Morphology Baseline),0.8324436975173392,0.7942013509059236,0.8113880438513794,0.8132402907356028,-0.03824234661141557,-0.02105565366595974,-0.019203406781736376
1_89,Model 2 (Emoji/Morphology Baseline),0.4431922363403163,0.3716936604125888,0.4021166797196063,0.3865750098168876,-0.07149857592772751,-0.041075556620709996,-0.05661722652342871
1_9,Model 2 (Emoji/Morphology Baseline),0.2799928088015608,0.1345385786604031,0.149736810532196,0.1604616262017089,-0.1454542301411577,-0.1302559982693648,-0.1195311825998519
1_90,Model 2 (Emoji/Morphology Baseline),0.48227291648312,0.6157410946271588,0.6078898124428678,0.6289865460578556,0.13346817814403877,0.1256168959597478,0.14671362957473566
1_91,Model 2 (Emoji/Morphology Baseline),0.5910135091346913,0.5944417410186329,0.615876547179526,0.6078024356185229,0.0034282318839415904,0.024863038044834695,0.016788926483831568
1_92,Model 2 (Emoji/Morphology Baseline),0.4677126906066495,0.4457609370152963,0.454834817902874,0.4476912728521883,-0.021951753591353207,-0.012877872703775495,-0.0200214177544612
1_93,Model 2 (Emoji/Morphology Baseline),0.6600648316142059,0.7118556120445247,0.7258851786370646,0.7130150885974575,0.05179078043031882,0.06582034702285866,0.05295025698325162
1_94,Model 2 (Emoji/Morphology Baseline),0.9992592592592592,0.9948790896159316,0.9987329434697856,0.9987096774193548,-0.004380169643327547,-0.000526315789473597,-0.0005495818399043895
1_95,Model 2 (Emoji/Morphology Baseline),0.5542307451686107,0.5422084335042218,0.5486131634217597,0.5326394760053597,-0.01202231166438894,-0.005617581746851008,-0.021591269163251048
1_96,Model 2 (Emoji/Morphology Baseline),0.4151700930938354,0.423254355283727,0.4473481389134528,0.4493040956081266,0.008084262189891611,0.03217804581961742,0.03413400251429122
1_97,Model 2 (Emoji/Morphology Baseline),0.8930855788066538,0.7087443609022556,0.7133131790572808,0.704784241328343,-0.18434121790439828,-0.1797723997493731,-0.1883013374783108
1_98,Model 2 (Emoji/Morphology Baseline),0.3659819032927175,0.334543408637562,0.3457439543965463,0.33408883938012,-0.031438494655155524,-0.0202379488961712,-0.0318930639125975
1_99,Model 2 (Emoji/Morphology Baseline),0.7165490306126004,0.8041557079152781,0.812073325124232,0.8198567515879513,0.08760667730267768,0.09552429451163158,0.1033077209753509
1_0,Model 3 (Proposed Hybrid),0.3402752728972715,0.3209629966379699,0.3197217528969832,0.3204042874292377,-0.019312276259301597,-0.020553520000288317,-0.019870985468033786
1_1,Model 3 (Proposed Hybrid),0.951905331434707,0.922290441773947,0.9218663996408548,0.9220986212846392,-0.02961488966075998,-0.030038931793852197,-0.02980671015006786
1_10,Model 3 (Proposed Hybrid),0.5194127724666124,0.6005874723972638,0.6005582633255107,0.6007080402104589,0.0811746999306514,0.08114549085889822,0.08129526774384643
1_11,Model 3 (Proposed Hybrid),0.7202123475594489,0.7332695252013776,0.7321136319822746,0.7327463231143844,0.013057177641928708,0.011901284422825786,0.012533975554935517
1_12,Model 3 (Proposed Hybrid),0.8158134944684271,0.7520136513075331,0.7509113938325,0.751514757091472,-0.06379984316089404,-0.06490210063592705,-0.06429873737695513
1_13,Model 3 (Proposed Hybrid),0.4846952439870179,0.4978068034731594,0.4963815964913359,0.4971656440878744,0.01311155948614151,0.011686352504317987,0.012470400100856482
1_14,Model 3 (Proposed Hybrid),0.5060013222897684,0.4765401167172594,0.4764809480289379,0.4764809480289379,-0.029461205572508975,-0.02952037426083043,-0.02952037426083043
1_15,Model 3 (Proposed Hybrid),0.0433236226213255,0.1587357645700065,0.1587040919822302,0.1587040919822302,0.11541214194868099,0.11538046936090471,0.11538046936090471
1_16,Model 3 (Proposed Hybrid),0.1324467236676156,0.1523226448261383,0.1522920202048409,0.1522920202048409,0.019875921158522714,0.019845296537225304,0.019845296537225304
1_17,Model 3 (Proposed Hybrid),0.6284396742610862,0.5208530130729698,0.519421346170511,0.5201619488817818,-0.10758666118811633,-0.10901832809057521,-0.10827772537930436
1_18,Model 3 (Proposed Hybrid),0.7301706858783715,0.6981084271359064,0.6980827646436184,0.6982143490978999,-0.032062258742465155,-0.032087921234753125,-0.031956336780471606
1_19,Model 3 (Proposed Hybrid),0.3366454373593591,0.3741746148157558,0.3741461023138838,0.3742923240007515,0.03752917745639672,0.0375006649545247,0.03764688664139243
1_2,Model 3 (Proposed Hybrid),0.9200755599632496,0.8824056620358494,0.8823930266239225,0.8824578087104453,-0.037669897927400275,-0.03768253333932714,-0.03761775125280431
1_20,Model 3 (Proposed Hybrid),0.1058887595340136,0.1386773868071679,0.1379739428407047,0.1383583693375314,0.032788627273154305,0.03208518330669109,0.032469609803517804
1_21,Model 3 (Proposed Hybrid),0.9561170197650136,0.9211085735082738,0.920678636866949,0.9209140858234764,-0.03500844625673982,-0.03543838289806467,-0.03520293394153717
1_22,Model 3 (Proposed Hybrid),0.7660375776448108,0.7103089400203768,0.7090930203397724,0.7097585267535758,-0.05572863762443403,-0.056944557305038446,-0.05627905089123508
1_23,Model 3 (Proposed Hybrid),0.2615034510560045,0.34500286550838,0.3449492663928419,0.3449492663928419,0.08349941445237552,0.08344581533683743,0.08344581533683743
1_24,Model 3 (Proposed Hybrid),0.6087755098030375,0.6418869498560236,0.6405754089061799,0.6412971922435136,0.03311144005298605,0.031799899103142404,0.03252168244047604
1_25,Model 3 (Proposed Hybrid),0.4890108414238834,0.4481327527336671,0.4467146156559383,0.4474480716810577,-0.04087808869021631,-0.04229622576794512,-0.04156276974282569
1_26,Model 3 (Proposed Hybrid),0.3591655042359777,0.3880604673981162,0.3866598993045888,0.3874258086942128,0.02889496316213852,0.02749439506861112,0.028260304458235075
1_27,Model 3 (Proposed Hybrid),0.4484325255963605,0.4251158701380814,0.4237146472357533,0.4244393091253453,-0.0233166554582791,-0.02471787836060718,-0.02399321647101521
1_28,Model 3 (Proposed Hybrid),0.668510088862463,0.6246568011637179,0.6233191881292081,0.6240552872364632,-0.04385328769874508,-0.045190900733254935,-0.044454801625999796
1_29,Model 3 (Proposed Hybrid),0.402140738061611,0.4148168095457662,0.4134335965749378,0.4141943801232872,0.012676071484155227,0.011292858513326787,0.012053642061676195
1_3,Model 3 (Proposed Hybrid),0.7841124384133337,0.7394531702642301,0.7394074685359717,0.7394074685359717,-0.04465926814910359,-0.044704969877361944,-0.044704969877361944
1_30,Model 3 (Proposed Hybrid),0.9248175444124068,0.8806149233559715,0.8799930587008888,0.880333577520326,-0.044202621056435354,-0.04482448571151798,-0.044483966892080784
1_31,Model 3 (Proposed Hybrid),0.1697873358853581,0.2385529662458468,0.2385308492987117,0.2386442801655531,0.06876563036048869,0.06874351341335361,0.06885694428019501
1_32,Model 3 (Proposed Hybrid),0.2322034316325621,0.2323697328789283,0.2323274255538127,0.2323274255538127,0.00016630124636618504,0.0001239939212505925,0.0001239939212505925
1_33,Model 3 (Proposed Hybrid),0.3040883692283811,0.2909777552458686,0.2909288213711236,0.2909288213711236,-0.013110613982512509,-0.013159547857257536,-0.013159547857257536
1_34,Model 3 (Proposed Hybrid),0.5337786687648867,0.4674048883446439,0.4659772594513749,0.4667156640112948,-0.06637378042024278,-0.06780140931351175,-0.06706300475359189
1_35,Model 3 (Proposed Hybrid),0.9093118174273764,0.8801887654757079,0.8801637491214571,0.8801637491214571,-0.029123051951668533,-0.029148068305919317,-0.029148068305919317
1_36,Model 3 (Proposed Hybrid),0.7635191933917204,0.7060953326433365,0.7060700632272087,0.7061996316629909,-0.057423860748383904,-0.0574491301645117,-0.05731956172872943
1_37,Model 3 (Proposed Hybrid),0.3756428783961505,0.3610477842637954,0.360993066260857,0.360993066260857,-0.014595094132355102,-0.014649812135293538,-0.014649812135293538
1_38,Model 3 (Proposed Hybrid),0.580899984830735,0.5576594030686188,0.5562440148355317,0.5569762712062302,-0.023240581762116186,-0.024655969995203364,-0.02392371362450485
1_39,Model 3 (Proposed Hybrid),0.6581974752429002,0.6727692042525075,0.6727423975192284,0.6728798508208043,0.014571729009607348,0.014544922276328198,0.014682375577904083
1_4,Model 3 (Proposed Hybrid),0.1324598175736557,0.1985464358459429,0.1976352724774495,0.1981061978969062,0.06608661827228718,0.06517545490379378,0.06564638032325049
1_40,Model 3 (Proposed Hybrid),0.7318574843658285,0.6897072605282295,0.689681201337268,0.6898148204285689,-0.04215022383759903,-0.04217628302856058,-0.04204266393725964
1_41,Model 3 (Proposed Hybrid),0.5380264014877367,0.4970364325434055,0.495602517366437,0.4963442341962271,-0.04098996894433121,-0.042423884121299715,-0.04168216729150964
1_42,Model 3 (Proposed Hybrid),0.5953644837399983,0.5684512372457764,0.5683930481469991,0.5683930481469991,-0.026913246494221887,-0.026971435592999193,-0.026971435592999193
1_43,Model 3 (Proposed Hybrid),0.688758161865203,0.6889580378062092,0.6889072051612792,0.6889072051612792,0.0001998759410062334,0.00014904329607623445,0.00014904329607623445
1_44,Model 3 (Proposed Hybrid),0.3118247984270834,0.2870987046012343,0.2870501589654612,0.2870501589654612,-0.02472609382584906,-0.024774639461622172,-0.024774639461622172
1_45,Model 3 (Proposed Hybrid),0.6699874220941975,0.6639743048778868,0.662656268541631,0.6633775768214949,-0.006013117216310704,-0.007331153552566527,-0.006609845272702586
1_46,Model 3 (Proposed Hybrid),0.4851984012526589,0.5039970460531255,0.5039377502230187,0.5039377502230187,0.018798644800466557,0.01873934897035978,0.01873934897035978
1_47,Model 3 (Proposed Hybrid),0.9689012990034714,0.9509546982418275,0.9506881186356014,0.9508349424260292,-0.017946600761643894,-0.018213180367870008,-0.018066356577442266
1_48,Model 3 (Proposed Hybrid),0.4493712172168518,0.4204012396745342,0.420343444081573,0.420343444081573,-0.028969977542317615,-0.029027773135278823,-0.029027773135278823
1_49,Model 3 (Proposed Hybrid),0.1928242026841988,0.2451515632509309,0.2440610653170821,0.2446571832282492,0.052327360566732095,0.051236862632883295,0.05183298054405039
1_5,Model 3 (Proposed Hybrid),0.5281730449698171,0.4987241880972031,0.4986648889377773,0.4986648889377773,-0.029448856872614004,-0.029508156032039823,-0.029508156032039823
1_50,Model 3 (Proposed Hybrid),0.4501373998955977,0.4545205560205202,0.4531074620332073,0.4538847596287833,0.004383156124922516,0.002970062137609586,0.0037473597331855735
1_51,Model 3 (Proposed Hybrid),0.3220299543970397,0.3394770442665684,0.3381920395358627,0.3388564400692015,0.017447089869528698,0.016162085138823,0.01682648567216183
1_52,Model 3 (Proposed Hybrid),0.7184142718134073,0.6521886698618187,0.6508943379351623,0.6516066694185612,-0.06622560195158866,-0.06751993387824506,-0.06680760239484618
1_53,Model 3 (Proposed Hybrid),0.3165835531709043,0.4034826680751665,0.4021112787446418,0.4028655372299994,0.08689911490426216,0.0855277255737375,0.0862819840590951
1_54,Model 3 (Proposed Hybrid),0.350305349487958,0.3505176196362181,0.3504636221780678,0.3504636221780678,0.00021227014826008528,0.00015827269010981748,0.00015827269010981748
1_55,Model 3 (Proposed Hybrid),0.1483088166800186,0.1585449679126854,0.1577812381739892,0.1581759203588538,0.010236151232666801,0.009472421493970595,0.009867103678835198
1_56,Model 3 (Proposed Hybrid),0.329338001834553,0.2968505524703461,0.2968251375212772,0.2969554789830855,-0.03248744936420689,-0.03251286431327577,-0.03238252285146748
1_57,Model 3 (Proposed Hybrid),0.3453625963225818,0.3254682584559437,0.3254415273894124,0.3255786166338598,-0.019894337866638134,-0.019921068933169417,-0.01978397968872203
1_58,Model 3 (Proposed Hybrid),0.2047981951198627,0.2740392732999013,0.2728996285312909,0.2734887652597977,0.0692410781800386,0.06810143341142821,0.06869057013993501
1_59,Model 3 (Proposed Hybrid),0.924142597618017,0.8832851287051243,0.8832725752906566,0.8833369369456212,-0.04085746891289266,-0.04087002232736037,-0.04080566067239577
1_6,Model 3 (Proposed Hybrid),0.7195235212958223,0.6237390012002942,0.6224000945494682,0.6231369038091688,-0.09578452009552807,-0.0971234267463541,-0.09638661748665356
1_60,Model 3 (Proposed Hybrid),0.1175005701205462,0.2957275602928034,0.2957022010561336,0.2958322568683587,0.17822699017225718,0.17820163093558739,0.17833168674781247
1_61,Model 3 (Proposed Hybrid),0.6090624159718266,0.5624916011158114,0.5610881124585343,0.5618603402860611,-0.04657081485601522,-0.04797430351329235,-0.04720207568576551
1_62,Model 3 (Proposed Hybrid),0.6342352186431003,0.5948935775896644,0.5948364126602222,0.5948364126602222,-0.03934164105343585,-0.03939880598287804,-0.03939880598287804
1_63,Model 3 (Proposed Hybrid),0.2573734673345458,0.3234974940548478,0.3222434668419369,0.3228918220444247,0.06612402672030199,0.06486999950739109,0.06551835470987888
1_64,Model 3 (Proposed Hybrid),0.2816467712688384,0.2951402399851532,0.2939139603475308,0.2945843925154014,0.013493468716314794,0.012267189078692398,0.012937621246563002
1_65,Model 3 (Proposed Hybrid),0.6577805233037429,0.6133288144266051,0.6119759085579977,0.6127204017970606,-0.044451708877137786,-0.045804614745745265,-0.04506012150668237
1_66,Model 3 (Proposed Hybrid),0.3918388801275948,0.3836784911242542,0.3823230171006129,0.3830239389173993,-0.008160389003340651,-0.00951586302698193,-0.008814941210195548
1_67,Model 3 (Proposed Hybrid),0.7504924904025708,0.7128258050093897,0.7116573612773417,0.7123005106500357,-0.037666685393181076,-0.03883512912522913,-0.03819197975253508
1_68,Model 3 (Proposed Hybrid),0.6706810435862501,0.5852808349691956,0.5838963720534759,0.5846581760661731,-0.08540020861705455,-0.08678467153277425,-0.08602286752007704
1_69,Model 3 (Proposed Hybrid),0.500472531291412,0.6153650276567473,0.6139671778573047,0.6147320653938358,0.11489249636533527,0.1134946465658927,0.11425953410242384
1_7,Model 3 (Proposed Hybrid),0.3180521835467653,0.2953832938963068,0.2941564258362591,0.2948271801423116,-0.02266888965045849,-0.02389575771050617,-0.023225003404453715
1_70,Model 3 (Proposed Hybrid),0.1920918076539659,0.2442805653861316,0.2431926936375688,0.2437873745674731,0.05218875773216569,0.05110088598360288,0.051695566913507185
1_71,Model 3 (Proposed Hybrid),0.7333665661017348,0.6649558581608759,0.6636767359112978,0.6643386912629804,-0.0684107079408589,-0.06968983019043695,-0.06902787483875439
1_72,Model 3 (Proposed Hybrid),0.3441623081476166,0.318057123989782,0.3180056786701652,0.3180056786701652,-0.026105184157834638,-0.0261566294774514,-0.0261566294774514
1_73,Model 3 (Proposed Hybrid),0.3265223499761102,0.3072039975745216,0.3071780834509349,0.3073109842551555,-0.01931835240158858,-0.01934426652517529,-0.019211365720954665
1_74,Model 3 (Proposed Hybrid),0.798982392669861,0.756300686088732,0.7562782432990585,0.7563933153595572,-0.04268170658112902,-0.04270414937080258,-0.04258907731030381
1_75,Model 3 (Proposed Hybrid),0.4841589708225151,0.4433345812071006,0.4419194692251667,0.4426513509580987,-0.04082438961541446,-0.042239501597348406,-0.04150761986441637
1_76,Model 3 (Proposed Hybrid),0.2518679845728432,0.2839922940537689,0.2839675353835773,0.2840945119167791,0.032124309480925706,0.03209955081073407,0.032226527343935885
1_77,Model 3 (Proposed Hybrid),0.4670026412704929,0.4800814860645214,0.478658657269748,0.479441360975158,0.013078844794028488,0.011656015999255087,0.012438719704665091
1_78,Model 3 (Proposed Hybrid),0.6460236674963235,0.6426636426395163,0.6413453174077886,0.642027518468327,-0.0033600248568071978,-0.004678350088534899,-0.003996149027996498
1_79,Model 3 (Proposed Hybrid),0.6752021634713925,0.6214871543826068,0.6200978179947827,0.6208580595357363,-0.05371500908878568,-0.055104345476609806,-0.05434410393565625
1_8,Model 3 (Proposed Hybrid),0.3834155214631537,0.3686967668921678,0.3686415584739224,0.3686415584739224,-0.014718754570985926,-0.014773962989231337,-0.014773962989231337
1_80,Model 3 (Proposed Hybrid),0.5439375857765142,0.5787393093580162,0.5773487784978758,0.5781139085719839,0.03480172358150202,0.033411192721361616,0.03417632279546967
1_81,Model 3 (Proposed Hybrid),0.6763881049680598,0.6526208725925494,0.6512816919153657,0.6520145493891109,-0.023767232375510372,-0.02510641305269412,-0.024373555578948936
1_82,Model 3 (Proposed Hybrid),0.5271480298787945,0.4977129879029824,0.4962375932851239,0.4970446585413569,-0.029435041975812093,-0.030910436593670598,-0.030103371337437623
1_83,Model 3 (Proposed Hybrid),0.6758919373672887,0.6921453976471033,0.6920948531048616,0.6869875674519579,0.016253460279814558,0.01620291573757293,0.011095630084669184
1_84,Model 3 (Proposed Hybrid),0.5890179240121697,0.5519980864088583,0.5519679747503957,0.552122383647341,-0.0370198376033114,-0.03704994926177396,-0.03689554036482867
1_85,Model 3 (Proposed Hybrid),0.5481486317745028,0.4893139307113228,0.4878392522506026,0.4886459076445453,-0.058834701063180006,-0.0603093795239002,-0.059502724129957496
1_86,Model 3 (Proposed Hybrid),0.8145923101701587,0.7579188607980815,0.7568713115646902,0.7574479834081954,-0.05667344937207719,-0.05772099860546842,-0.05714432676196324
1_87,Model 3 (Proposed Hybrid),0.7733799064416667,0.7433094328612956,0.7422134792379596,0.7427807665842884,-0.03007047358037107,-0.031166427203707103,-0.030599139857378277
1_88,Model 3 (Proposed Hybrid),0.8113023606599121,0.7539270583926613,0.7528678679146635,0.7534509422454295,-0.05737530226725085,-0.05843449274524859,-0.0578514184144826
1_89,Model 3 (Proposed Hybrid),0.7963097535833715,0.7473898401025291,0.7463053619540364,0.7468667157134535,-0.04891991348084246,-0.05000439162933512,-0.049443037869917994
1_9,Model 3 (Proposed Hybrid),0.0672679842088115,0.0625304560013154,0.0658131274358109,0.0658515271081672,-0.0047375282074960945,-0.0014548567730005985,-0.0014164571006442944
1_90,Model 3 (Proposed Hybrid),0.3231582970807126,0.3484869876379995,0.3484593426673432,0.3486011171933845,0.025328690557286926,0.0253010455866306,0.025442820112671904
1_91,Model 3 (Proposed Hybrid),0.6444409609575604,0.5913782180185472,0.5899913963396419,0.5907089407010572,-0.05306274293901325,-0.0544495646179185,-0.053732020256503255
1_92,Model 3 (Proposed Hybrid),0.3487148676745434,0.3249017432188574,0.3236085792430899,0.3243156346725282,-0.023813124455686008,-0.025106288431453516,-0.024399233002015186
1_93,Model 3 (Proposed Hybrid),0.5875093001761593,0.5472149354878255,0.5457933474487455,0.5465287900398831,-0.040294364688333806,-0.041715952727413796,-0.04098051013627624
1_94,Model 3 (Proposed Hybrid),0.9071171533799176,0.8533570131558766,0.8533417752519533,0.8534199015233219,-0.053760140224040964,-0.05377537812796429,-0.053697251856595685
1_95,Model 3 (Proposed Hybrid),0.3193914283565439,0.3155232338791677,0.3154969375707206,0.3156317978492807,-0.0038681944773761856,-0.003894490785823268,-0.0037596305072631897
1_96,Model 3 (Proposed Hybrid),0.4944448887978098,0.4887507446502786,0.487326305216712,0.4881099123627222,-0.005694144147531166,-0.007118583581097793,-0.006334976435087569
1_97,Model 3 (Proposed Hybrid),0.9539150501650928,0.9300865665905014,0.9297126602707684,0.9299063018156644,-0.02382848357459144,-0.02420238989432444,-0.024008748349428455
1_98,Model 3 (Proposed Hybrid),0.3242910133090742,0.3653428012284963,0.3640219369004497,0.3647483358056277,0.041051787919422045,0.03973092359137548,0.04045732249655348
1_99,Model 3 (Proposed Hybrid),0.7994782895267791,0.7698445348187966,0.7687971659765191,0.7693705111686853,-0.029633754707982574,-0.03068112355025998,-0.030107778358093862
