length_tertile,model,n_samples,n_benign,n_harmful,roc_auc,pr_auc,accuracy,balanced_accuracy,precision,recall,f1
Short,Model 1 (Text Baseline),267,174,93,0.25899147200593253,0.24955951160190773,0.2958801498127341,0.26955876900259546,0.13178294573643412,0.1827956989247312,0.15315315315315314
Short,Model 2 (Emoji/Morphology Baseline),267,174,93,0.3796502286491163,0.36531234706610954,0.6666666666666666,0.5315164998146088,0.6666666666666666,0.08602150537634409,0.1523809523809524
Short,Model 3 (Proposed Hybrid),267,174,93,0.27660363366703744,0.24899791546053254,0.5430711610486891,0.42918057100482015,0.1282051282051282,0.053763440860215055,0.07575757575757576
Medium,Model 1 (Text Baseline),275,137,138,0.3668676610599809,0.4405209698160344,0.38545454545454544,0.3851687295038612,0.4025157232704403,0.463768115942029,0.43097643097643096
Medium,Model 2 (Emoji/Morphology Baseline),275,137,138,0.4162699672061779,0.45419997506185483,0.4036363636363636,0.4042631968687189,0.35555555555555557,0.2318840579710145,0.2807017543859649
Medium,Model 3 (Proposed Hybrid),275,137,138,0.3770231672484925,0.4228623467616547,0.36727272727272725,0.3673172537818682,0.3656716417910448,0.35507246376811596,0.3602941176470588
Long,Model 1 (Text Baseline),258,89,169,0.3969150987301376,0.5898344934231069,0.43023255813953487,0.4347782727212286,0.5916666666666667,0.42011834319526625,0.4913494809688581
Long,Model 2 (Emoji/Morphology Baseline),258,89,169,0.6959311216009574,0.8095609952854281,0.6511627906976745,0.5927797353899342,0.7135135135135136,0.7810650887573964,0.7457627118644068
Long,Model 3 (Proposed Hybrid),258,89,169,0.5929791902134167,0.771476274811643,0.627906976744186,0.5191809055248986,0.665158371040724,0.8698224852071006,0.7538461538461538
