fold,model,roc_auc,pr_auc,accuracy,balanced_accuracy,precision,recall,f1
1,1_Length_Only,0.3735977564102564,0.40264387977985355,0.44,0.4423076923076923,0.42857142857142855,0.5,0.46153846153846156
1,2_Structural_Only,0.38541666666666663,0.40467302635699354,0.47,0.4703525641025641,0.45098039215686275,0.4791666666666667,0.46464646464646464
1,3_Emoji_Mechanics_Only,0.3323317307692307,0.39645155812043237,0.39,0.3966346153846154,0.40298507462686567,0.5625,0.46956521739130436
1,4_Structural_Plus_Emoji,0.3629807692307692,0.3905431976393662,0.47,0.4703525641025641,0.45098039215686275,0.4791666666666667,0.46464646464646464
1,5_All_Non_Text,0.3641826923076923,0.3874861659449058,0.47,0.4703525641025641,0.45098039215686275,0.4791666666666667,0.46464646464646464
1,6_Full_Hybrid,0.391025641025641,0.4353880537667725,0.39,0.391025641025641,0.37735849056603776,0.4166666666666667,0.39603960396039606
2,1_Length_Only,0.41406250000000006,0.52833243646093,0.52,0.5344551282051282,0.6428571428571429,0.17307692307692307,0.2727272727272727
2,2_Structural_Only,0.43309294871794873,0.5270266092834444,0.45,0.4591346153846154,0.4444444444444444,0.23076923076923078,0.3037974683544304
2,3_Emoji_Mechanics_Only,0.44651442307692313,0.5293179226257358,0.48,0.4903846153846154,0.5,0.23076923076923078,0.3157894736842105
2,4_Structural_Plus_Emoji,0.43830128205128205,0.5243178900640207,0.41,0.4198717948717948,0.36,0.17307692307692307,0.23376623376623376
2,5_All_Non_Text,0.4354967948717949,0.5590883811909337,0.41,0.4174679487179487,0.3870967741935484,0.23076923076923078,0.2891566265060241
2,6_Full_Hybrid,0.37339743589743596,0.48434591993357456,0.48,0.48397435897435903,0.5,0.38461538461538464,0.43478260869565216
3,1_Length_Only,0.4361979166666667,0.5431467010049045,0.3958333333333333,0.39583333333333337,0.4,0.4166666666666667,0.40816326530612246
3,2_Structural_Only,0.6302083333333334,0.574967020627139,0.625,0.625,0.6071428571428571,0.7083333333333334,0.6538461538461539
3,3_Emoji_Mechanics_Only,0.404296875,0.4882728278717784,0.40625,0.40625,0.43478260869565216,0.625,0.5128205128205128
3,4_Structural_Plus_Emoji,0.6302083333333334,0.5684139369971881,0.625,0.625,0.6153846153846154,0.6666666666666666,0.64
3,5_All_Non_Text,0.6293402777777778,0.5618873846254582,0.6145833333333334,0.6145833333333333,0.6037735849056604,0.6666666666666666,0.6336633663366337
3,6_Full_Hybrid,0.46527777777777773,0.47530073029746883,0.5,0.5,0.5,0.6666666666666666,0.5714285714285714
4,1_Length_Only,0.3645833333333333,0.42476135521194913,0.4270833333333333,0.42708333333333337,0.4146341463414634,0.3541666666666667,0.38202247191011235
4,2_Structural_Only,0.5625,0.5273966857890501,0.5520833333333334,0.5520833333333334,0.5454545454545454,0.625,0.5825242718446602
4,3_Emoji_Mechanics_Only,0.3984375,0.4397758509176166,0.40625,0.40625,0.2857142857142857,0.125,0.17391304347826086
4,4_Structural_Plus_Emoji,0.5581597222222223,0.519379672496859,0.5833333333333334,0.5833333333333333,0.5714285714285714,0.6666666666666666,0.6153846153846154
4,5_All_Non_Text,0.5581597222222222,0.5111004598501765,0.5833333333333334,0.5833333333333333,0.5714285714285714,0.6666666666666666,0.6153846153846154
4,6_Full_Hybrid,0.4904513888888889,0.469311421687096,0.4583333333333333,0.45833333333333337,0.46153846153846156,0.5,0.48
5,1_Length_Only,0.5731336805555555,0.5604450435664776,0.5520833333333334,0.5520833333333334,0.5714285714285714,0.4166666666666667,0.4819277108433735
5,2_Structural_Only,0.5036892361111112,0.5553022416814352,0.4583333333333333,0.45833333333333337,0.4473684210526316,0.3541666666666667,0.3953488372093023
5,3_Emoji_Mechanics_Only,0.41015625,0.4846606593889203,0.46875,0.46875,0.45454545454545453,0.3125,0.37037037037037035
5,4_Structural_Plus_Emoji,0.486328125,0.5456536107119323,0.4166666666666667,0.41666666666666663,0.4,0.3333333333333333,0.36363636363636365
5,5_All_Non_Text,0.4893663194444445,0.5386686924523711,0.4166666666666667,0.41666666666666663,0.4,0.3333333333333333,0.36363636363636365
5,6_Full_Hybrid,0.45486111111111105,0.5229873137845102,0.4583333333333333,0.45833333333333337,0.4444444444444444,0.3333333333333333,0.38095238095238093
