padding_condition,mean_prompt_length,model,mean_harmful_prob,std_harmful_prob,harmful_recall_tau_0.5,false_negative_rate
original,86.0,Model 1 (Text TF-IDF),0.4652614625083784,0.11834658456641628,0.38,0.62
original,86.0,Model 2 (Emoji/Morphology RF),0.5408619602840445,0.19231631485575876,0.48,0.52
original,86.0,Model 3 (Proposed Hybrid),0.5278250698967093,0.2346109602190592,0.54,0.45999999999999996
original,86.0,Length-Only Model,0.5277530627810364,0.1564119687924082,0.51,0.49
short_padding,138.0,Model 1 (Text TF-IDF),0.4652614625083784,0.11834658456641628,0.38,0.62
short_padding,138.0,Model 2 (Emoji/Morphology RF),0.8744664101029553,0.15025257897408426,0.98,0.020000000000000018
short_padding,138.0,Model 3 (Proposed Hybrid),0.8664963023915476,0.12585013074481516,0.99,0.010000000000000009
short_padding,138.0,Length-Only Model,0.8096366238103387,0.09722964726748902,0.99,0.010000000000000009
medium_padding,213.0,Model 1 (Text TF-IDF),0.4690546853577348,0.09922354900821354,0.35,0.65
medium_padding,213.0,Model 2 (Emoji/Morphology RF),0.8405035714285712,0.035000502490560366,1.0,0.0
medium_padding,213.0,Model 3 (Proposed Hybrid),0.9867215846509668,0.01857765690540716,1.0,0.0
medium_padding,213.0,Length-Only Model,0.9694444696232829,0.020542000019286112,1.0,0.0
long_padding,398.0,Model 1 (Text TF-IDF),0.48246221333489425,0.11093163502111163,0.44,0.56
long_padding,398.0,Model 2 (Emoji/Morphology RF),0.8405035714285712,0.035000502490560366,1.0,0.0
long_padding,398.0,Model 3 (Proposed Hybrid),0.9999929972090085,1.1192257254786206e-05,1.0,0.0
long_padding,398.0,Length-Only Model,0.9997841597030904,0.00019306724894908292,1.0,0.0
