unique_pair_id,variant_id,padding_condition,prompt_length,word_count,prob_model1_text,prob_model2_emoji_rf,prob_model3_hybrid,prob_length_only,pred_model1_text,pred_model2_emoji_rf,pred_model3_hybrid,pred_length_only
1_0,0_original,original,79,13,0.3196069840515268,0.5079858090626752,0.34027527251318923,0.49189144756700237,0,1,0,0
1_0,0_original,short_padding,131,21,0.3196069840515268,0.7252998619737748,0.8011194313618614,0.7831657179111503,0,1,1,1
1_0,0_original,medium_padding,206,31,0.37729651095272104,0.8805,0.9888463061874198,0.9601980039255865,0,1,1,1
1_0,0_original,long_padding,391,58,0.3196069840515268,0.8805,0.9999906216732335,0.999617137180159,0,1,1,1
1_1,1_original,original,131,22,0.6870044042141035,0.9314320365307206,0.9519053314266849,0.8333435160035207,1,1,1,1
1_1,1_original,short_padding,183,30,0.6870044042141035,0.936508658008658,0.9960333977121965,0.963044054576241,1,1,1,1
1_1,1_original,medium_padding,258,40,0.6654509571748286,0.8033333333333332,0.9998800299721082,0.9964647251749503,1,1,1,1
1_1,1_original,long_padding,443,67,0.6914269456467714,0.8033333333333332,0.9999999873565776,0.9999900176252886,1,1,1,1
1_2,2_original,original,140,23,0.49958007902035034,0.9940109890109889,0.9200755600162964,0.8491862957971514,0,1,1,1
1_2,2_original,short_padding,192,31,0.49958007902035034,0.9826538461538462,0.9901932108762269,0.9627013596680717,0,1,1,1
1_2,2_original,medium_padding,267,41,0.47109140520687165,0.8425,0.9990215203251932,0.9957083214594463,0,1,1,1
1_2,2_original,long_padding,452,68,0.5240091176393166,0.8425,0.999999659010799,0.9999808569546708,1,1,1,1
1_3,3_original,original,120,17,0.46183047514175396,0.6943661458081896,0.7841124385418257,0.7471044446986138,0,1,1,1
1_3,3_original,short_padding,172,25,0.46183047514175396,0.97602457746311,0.9692325006301875,0.9297381473615466,0,1,1,1
1_3,3_original,medium_padding,247,35,0.4808332392293399,0.8,0.9982108577208887,0.9913827598159213,0,1,1,1
1_3,3_original,long_padding,432,62,0.4889603248497725,0.8,0.9999992252049857,0.9999580882211638,0,1,1,1
1_4,4_original,original,45,8,0.286975278217902,0.39534231282518634,0.13245981757364628,0.28522927863040903,0,0,0,0
1_4,4_original,short_padding,97,16,0.286975278217902,0.5085712145123948,0.5174159591688549,0.5954047310962727,0,1,1,1
1_4,4_original,medium_padding,172,26,0.32675804159000904,0.8778095238095238,0.9225834450572535,0.9062427625094761,0,1,1,1
1_4,4_original,long_padding,357,53,0.32374812531386704,0.8778095238095238,0.999937411273772,0.9990046968274301,0,1,1,1
1_5,5_original,original,93,14,0.2885935471688896,0.5207502532570829,0.5281730451598234,0.575583774264472,0,1,1,1
1_5,5_original,short_padding,145,22,0.2885935471688896,0.99477457746311,0.9066213851717742,0.8586491985858018,0,1,1,1
1_5,5_original,medium_padding,220,32,0.3316393364617313,0.8,0.9940104955856964,0.9814174978213389,0,1,1,1
1_5,5_original,long_padding,405,59,0.3193550661270566,0.8,0.9999974448261176,0.9999087068471131,0,1,1,1
1_6,6_original,original,119,23,0.3128071489031864,0.9256468769325911,0.7195235209581643,0.7271814458174642,0,1,1,1
1_6,6_original,short_padding,171,31,0.3128071489031864,0.9931836734693877,0.9524598190828758,0.9086296931555125,0,1,1,1
1_6,6_original,medium_padding,246,41,0.3297423860142122,0.8805,0.9973942148357358,0.9851680499938928,0,1,1,1
1_6,6_original,long_padding,431,68,0.3128071489031864,0.8805,0.9999981144081419,0.9998609109402345,0,1,1,1
1_7,7_original,original,78,13,0.3848457768624766,0.513614425969018,0.31805218350637204,0.4817337590733313,0,1,0,0
1_7,7_original,short_padding,130,21,0.3848457768624766,0.8930366116941195,0.8554298184101115,0.8288875978225345,0,1,1,1
1_7,7_original,medium_padding,205,31,0.4203275732642581,0.8033333333333332,0.9960435880129134,0.9812717062742846,0,1,1,1
1_7,7_original,long_padding,390,58,0.4173242104202825,0.8033333333333332,0.9999995180284016,0.9999463014491347,0,1,1,1
1_8,8_original,original,77,13,0.3192060775655871,0.4398346860283832,0.3834155216437194,0.46090553274124224,0,0,0,0
1_8,8_original,short_padding,129,21,0.3192060775655871,0.8971200770324466,0.8435885542575385,0.7929414592935163,0,1,1,1
1_8,8_original,medium_padding,204,31,0.35729700167173756,0.8,0.9887557384665564,0.9708413001313897,0,1,1,1
1_8,8_original,long_padding,389,58,0.34833118836525934,0.8,0.9999953071405252,0.9998551946924913,0,1,1,1
1_9,9_original,original,69,10,0.33845826235187765,0.29669053288540004,0.27894709382695776,0.41322787854724263,0,0,0,0
1_9,9_original,short_padding,121,18,0.33845826235187765,0.6455947089208715,0.6556785078108371,0.7634911275072032,0,1,1,1
1_9,9_original,medium_padding,196,28,0.3428222854563405,0.81,0.9349974175224514,0.9666863171273454,0,1,1,1
1_9,9_original,long_padding,381,55,0.3635298117002807,0.81,0.9999696879210901,0.9998469635434376,0,1,1,1
1_10,10_original,original,70,9,0.5762289108301536,0.38101073277075526,0.5194127726549476,0.42034495930685306,1,0,1,0
1_10,10_original,short_padding,122,17,0.5762289108301536,0.6476530164808839,0.9045764316939101,0.768737414383108,1,1,1,1
1_10,10_original,medium_padding,197,27,0.5328736716625234,0.8425,0.9878816131973265,0.9676164660254003,1,1,1,1
1_10,10_original,long_padding,382,54,0.589400252037923,0.8425,0.9999960694954131,0.9998513788100146,1,1,1,1
1_11,11_original,original,74,11,0.7915652851765792,0.5880358959342368,0.720212347521864,0.45014451039104414,1,1,1,0
1_11,11_original,short_padding,126,19,0.7915652851765792,0.7499452614379084,0.9702894380848299,0.8101176104963997,1,1,1,1
1_11,11_original,medium_padding,201,29,0.7441013429111563,0.8033333333333332,0.9988560185896144,0.9787895908565039,1,1,1,1
1_11,11_original,long_padding,386,56,0.787465992238185,0.8033333333333332,0.9999998960816568,0.9999390308449094,1,1,1,1
1_12,12_original,original,108,18,0.5286441400042432,0.887507648148263,0.8158134944412825,0.7066818146424491,1,1,1,1
1_12,12_original,short_padding,160,26,0.5286441400042432,0.9955086580086581,0.9825157097706931,0.9262309216303896,1,1,1,1
1_12,12_original,medium_padding,235,36,0.5331385054192839,0.8033333333333332,0.9995103526545213,0.9926904270524939,1,1,1,1
1_12,12_original,long_padding,420,63,0.5513996755789335,0.8033333333333332,0.9999999455109901,0.9999792820812721,1,1,1,1
1_13,13_original,original,73,11,0.5164845551440495,0.3566343916528082,0.4846952435561866,0.4540406043460393,1,0,0,0
1_13,13_original,short_padding,125,19,0.5164845551440495,0.9520500255873227,0.880179929734181,0.7562612650708342,1,1,1,1
1_13,13_original,medium_padding,200,29,0.4991399288628185,0.8805,0.9918155704118868,0.9539683605656869,0,1,1,1
1_13,13_original,long_padding,385,56,0.5164845551440495,0.8805,0.9999948573114733,0.9995543495678662,1,1,1,1
1_14,14_original,original,94,14,0.31514886604496645,0.5282283643618811,0.5060013224808746,0.5826121074331013,0,1,1,1
1_14,14_original,short_padding,146,22,0.31514886604496645,0.97602457746311,0.8988268805759843,0.8621129226436247,0,1,1,1
1_14,14_original,medium_padding,221,32,0.3771249620256562,0.8,0.9938348059529021,0.981936140549445,0,1,1,1
1_14,14_original,long_padding,406,59,0.3625084419549761,0.8,0.9999972867528973,0.9999113015076052,0,1,1,1
1_15,15_original,original,24,4,0.3154534585571647,0.6904160187367171,0.043323622653784005,0.1564373238221236,0,1,0,0
1_15,15_original,short_padding,76,12,0.3154534585571647,0.4459132182823912,0.2820093691937547,0.4537492945356987,0,0,0,0
1_15,15_original,medium_padding,151,22,0.4269562569553563,0.8,0.8964208419033476,0.8783747415498193,0,1,1,1
1_15,15_original,long_padding,336,49,0.4138368129559757,0.8,0.9999466656742677,0.9993327608463972,0,1,1,1
1_16,16_original,original,45,10,0.35808682124812824,0.3982149502522324,0.13244672375598726,0.2536132476275988,0,0,0,0
1_16,16_original,short_padding,97,18,0.35808682124812824,0.6055119274623746,0.5697311794760856,0.6034861483652583,0,1,1,1
1_16,16_original,medium_padding,172,28,0.38804570129613547,0.8,0.9540521508606387,0.9297381473615466,0,1,1,1
1_16,16_original,long_padding,357,55,0.3836129672545905,0.8,0.9999805813703079,0.9996357259990383,0,1,1,1
1_17,17_original,original,98,20,0.5456288032049326,0.7717154657778018,0.6284396742610487,0.6014356910137687,1,1,1,1
1_17,17_original,short_padding,150,28,0.5456288032049326,0.9917090592334494,0.9223421298692268,0.8476740293664106,1,1,1,1
1_17,17_original,medium_padding,225,38,0.5635564362043903,0.8778095238095238,0.9920005983623814,0.9733697851663893,1,1,1,1
1_17,17_original,long_padding,410,65,0.5608900324139349,0.8778095238095238,0.9999940277572685,0.9997366034942373,1,1,1,1
1_18,18_original,original,100,15,0.42723409932445633,0.604353279355429,0.7301706860240418,0.6357670443019039,0,1,1,1
1_18,18_original,short_padding,152,23,0.42723409932445633,0.9940109890109889,0.9595710325237846,0.8889037159225588,0,1,1,1
1_18,18_original,medium_padding,227,33,0.42202535498386906,0.8425,0.9956654019455031,0.986286711099292,0,1,1,1
1_18,18_original,long_padding,412,60,0.4674895032239462,0.8425,0.9999985281776556,0.9999382501482827,0,1,1,1
1_19,19_original,original,66,10,0.4493060725228799,0.35429735219598835,0.3366454375270533,0.3921039453044401,0,0,0,0
1_19,19_original,short_padding,118,18,0.4493060725228799,0.7549658357123774,0.8165538493387824,0.7472645868728515,0,1,1,1
1_19,19_original,medium_padding,193,28,0.43650641457478184,0.8425,0.977668278447741,0.9637385986549026,0,1,1,1
1_19,19_original,long_padding,378,55,0.46922152749844276,0.8425,0.9999920392688184,0.9998329151573631,0,1,1,1
1_20,20_original,original,38,9,0.4589630116397496,0.4981589022401308,0.10588875951594807,0.20701864117399701,0,0,0,0
1_20,20_original,short_padding,90,17,0.4589630116397496,0.5242258256797647,0.600400840675567,0.5763653939328343,0,1,1,1
1_20,20_original,medium_padding,165,27,0.4809156567593328,0.8033333333333332,0.981963906034503,0.9363696996649915,0,1,1,1
1_20,20_original,long_padding,350,54,0.48762627067633785,0.8033333333333332,0.9999979613766308,0.9998088340483314,0,1,1,1
1_21,21_original,original,152,27,0.41594461460553916,0.9955086580086581,0.9561170197578931,0.9068871018101562,0,1,1,1
1_21,21_original,short_padding,204,35,0.41594461460553916,0.936508658008658,0.9963953894076742,0.9806792660244533,0,1,1,1
1_21,21_original,medium_padding,279,45,0.4428481802406629,0.8033333333333332,0.999907755337383,0.9981818513595409,0,1,1,1
1_21,21_original,long_padding,464,72,0.4437620856536581,0.8033333333333332,0.9999999893000445,0.9999948749932415,0,1,1,1
1_22,22_original,original,101,16,0.5222717573540699,0.5228684361844254,0.7660375776123781,0.6586066638345985,1,1,1,1
1_22,22_original,short_padding,153,24,0.5222717573540699,0.8033333333333332,0.9764924956479717,0.9095335306318112,1,1,1,1
1_22,22_original,medium_padding,228,34,0.5285827505532812,0.8033333333333332,0.9993026057453064,0.9908879402544248,1,1,1,1
1_22,22_original,long_padding,413,61,0.5469722922586188,0.8033333333333332,0.9999999243563547,0.9999741263480961,1,1,1,1
1_23,23_original,original,51,8,0.5541640419124326,0.3288110134363103,0.26150345120567864,0.28773287327745806,1,0,0,0
1_23,23_original,short_padding,103,16,0.5541640419124326,0.6155515650462638,0.7543746932006954,0.6440589338359913,1,1,1,1
1_23,23_original,medium_padding,178,26,0.5431863410029474,0.8,0.9778594655425981,0.9402337232547012,1,1,1,1
1_23,23_original,long_padding,363,53,0.570144946742621,0.8,0.9999911571671276,0.9996935816696774,1,1,1,1
1_24,24_original,original,77,10,0.6059212750075599,0.3918815923383385,0.608775509390679,0.4792425971500999,1,0,1,0
1_24,24_original,short_padding,129,18,0.6059212750075599,0.9212328253495116,0.9239692791605328,0.7744429063358048,1,1,1,1
1_24,24_original,medium_padding,204,28,0.5576368800345883,0.8805,0.9943952046302785,0.9582168974558318,1,1,1,1
1_24,24_original,long_padding,389,55,0.6059212750075599,0.8805,0.9999968914019326,0.999597257591756,1,1,1,1
1_25,25_original,original,81,14,0.4412822581630077,0.4640522680518784,0.48901084142385204,0.4962022567799177,0,0,0,0
1_25,25_original,short_padding,133,22,0.4412822581630077,0.983375725900116,0.8704688758863347,0.78411864658449,0,1,1,1
1_25,25_original,medium_padding,208,32,0.46556423181845036,0.8778095238095238,0.9861378218755571,0.9597698025122336,0,1,1,1
1_25,25_original,long_padding,393,59,0.4628944072133965,0.8778095238095238,0.9999896092728864,0.9995965056858421,0,1,1,1
1_26,26_original,original,66,11,0.4275984288021855,0.3025796145512017,0.35916550419260157,0.3883945911530205,0,0,0,0
1_26,26_original,short_padding,118,19,0.4275984288021855,0.9232374826326065,0.8767047855433865,0.7679542983841116,0,1,1,1
1_26,26_original,medium_padding,193,29,0.47021954951373124,0.8033333333333332,0.9961345840847751,0.972823392248723,0,1,1,1
1_26,26_original,long_padding,378,56,0.4745654475126112,0.8033333333333332,0.9999995681955564,0.9999214033459952,0,1,1,1
1_27,27_original,original,89,13,0.3184964601518633,0.44439817980344387,0.4484325255963296,0.546262662758042,0,0,0,1
1_27,27_original,short_padding,141,21,0.3184964601518633,0.8844270079513983,0.8509496220864815,0.816168926009934,0,1,1,1
1_27,27_original,medium_padding,216,31,0.3458689340321071,0.8778095238095238,0.9843812402261699,0.9668451162864506,0,1,1,1
1_27,27_original,long_padding,401,58,0.3434731230003942,0.8778095238095238,0.9999882915993393,0.9996698777365485,0,1,1,1
1_28,28_original,original,96,15,0.47369753669720416,0.6208918176785201,0.6685100884835099,0.5982083797351971,0,1,1,1
1_28,28_original,short_padding,148,23,0.47369753669720416,0.9931836734693877,0.9402977805510844,0.8474388966560091,0,1,1,1
1_28,28_original,medium_padding,223,33,0.4646381528032265,0.8805,0.9962873399577208,0.9737545100209568,0,1,1,1
1_28,28_original,long_padding,408,60,0.47369753669720416,0.8805,0.999997601397013,0.9997510211215558,0,1,1,1
1_29,29_original,original,73,11,0.38477091324864277,0.3566343916528082,0.4021407376469965,0.4540406043460393,0,0,0,0
1_29,29_original,short_padding,125,19,0.38477091324864277,0.9520500255873227,0.8400795448323672,0.7562612650708342,0,1,1,1
1_29,29_original,medium_padding,200,29,0.3872625439657781,0.8805,0.9891839053388328,0.9539683605656869,0,1,1,1
1_29,29_original,long_padding,385,56,0.38477091324864277,0.8805,0.9999928085770743,0.9995543495678662,0,1,1,1
1_30,30_original,original,125,22,0.6598427416830137,0.8574320365307205,0.9248175444002865,0.8051858703616233,1,1,1,1
1_30,30_original,short_padding,177,30,0.6598427416830137,0.8033333333333332,0.99363309929939,0.955633450024544,1,1,1,1
1_30,30_original,medium_padding,252,40,0.6397311089852624,0.8033333333333332,0.9998075102555259,0.9957260712023146,1,1,1,1
1_30,30_original,long_padding,437,67,0.6661216415285585,0.8033333333333332,0.9999999796553427,0.999987922998749,1,1,1,1
1_31,31_original,original,52,8,0.3776070709959642,0.33650223973658133,0.16978733599185314,0.2997696346939458,0,0,0,0
1_31,31_original,short_padding,104,16,0.3776070709959642,0.5487900935676935,0.6420598807008239,0.6624335861327748,0,1,1,1
1_31,31_original,medium_padding,179,26,0.37738870708461864,0.8425,0.9484179796356382,0.9463508675326473,0,1,1,1
1_31,31_original,long_padding,364,53,0.40402311704451366,0.8425,0.9999806444022622,0.9997482755061193,0,1,1,1
1_32,32_original,original,74,12,0.26020289908632954,0.4418798103410785,0.23220343176915778,0.43949688023183564,0,0,0,0
1_32,32_original,short_padding,126,20,0.26020289908632954,0.9097952907076602,0.723989890777549,0.7783784010303884,0,1,1,1
1_32,32_original,medium_padding,201,30,0.28763882623063364,0.8,0.9777088002079427,0.9682901130040855,0,1,1,1
1_32,32_original,long_padding,386,57,0.2795182944561248,0.8,0.999990472610468,0.9998421123785489,0,1,1,1
1_33,33_original,original,69,13,0.33659285207252276,0.32669715380490283,0.3040883693898611,0.4043477744635572,0,0,0,0
1_33,33_original,short_padding,121,21,0.33659285207252276,0.8871200770324466,0.7912285191227114,0.7525136872548843,0,1,1,1
1_33,33_original,medium_padding,196,31,0.38080430236325113,0.8,0.9841222974684284,0.9635515046308064,0,1,1,1
1_33,33_original,long_padding,381,58,0.37166334378061133,0.8,0.9999933214447367,0.9998176301999369,0,1,1,1
1_34,34_original,original,101,17,0.34000430757229366,0.5036738216830924,0.5337786687648498,0.6193382821824996,0,1,1,1
1_34,34_original,short_padding,153,25,0.34000430757229366,0.9917090592334494,0.8893772091527004,0.8571433093331147,0,1,1,1
1_34,34_original,medium_padding,228,35,0.37014620030569156,0.8778095238095238,0.9889548475971535,0.9752533548263258,0,1,1,1
1_34,34_original,long_padding,413,62,0.36747886433785554,0.8778095238095238,0.9999917286581259,0.9997557017393225,0,1,1,1
1_35,35_original,original,121,19,0.5945779602596738,0.9270358955669359,0.9093118174893553,0.7525136872548843,1,1,1,1
1_35,35_original,short_padding,173,27,0.5945779602596738,0.99477457746311,0.9886319116043737,0.9315986457638021,1,1,1,1
1_35,35_original,medium_padding,248,37,0.5861953767867303,0.8,0.9991984097667611,0.9916256426392942,1,1,1,1
1_35,35_original,long_padding,433,64,0.6044365020977032,0.8,0.9999996930734768,0.9999592794611547,1,1,1,1
1_36,36_original,original,91,17,0.5733660618119171,0.361325949968877,0.7635191935239689,0.572857607990866,1,0,1,1
1_36,36_original,short_padding,143,25,0.5733660618119171,0.9940109890109889,0.9658920729175352,0.8600942345656415,1,1,1,1
1_36,36_original,medium_padding,218,35,0.5146289040562704,0.8425,0.9954462596712288,0.982225619794458,1,1,1,1
1_36,36_original,long_padding,403,62,0.5871503707407529,0.8425,0.9999986486286473,0.9999196339547339,1,1,1,1
1_37,37_original,original,76,13,0.5927792089963934,0.43463402649234306,0.3756428785757534,0.4537492945356987,1,0,0,0
1_37,37_original,short_padding,128,21,0.5927792089963934,0.8782421700557024,0.8391837504132722,0.7881670966847946,1,1,1,1
1_37,37_original,medium_padding,203,31,0.5754722305653358,0.8,0.9881239308119357,0.9700138343662741,1,1,1,1
1_37,37_original,long_padding,388,58,0.6026402066276197,0.8,0.9999950856166452,0.9998509590070669,1,1,1,1
1_38,38_original,original,74,13,0.59837943937662,0.43375371194225876,0.5808999848307063,0.4524274885609027,1,0,1,0
1_38,38_original,short_padding,126,21,0.59837943937662,0.8844270079513983,0.9068312093047469,0.7529029669943802,1,1,1,1
1_38,38_original,medium_padding,201,31,0.6106607949098142,0.8778095238095238,0.9899636783924943,0.9524112005441345,1,1,1,1
1_38,38_original,long_padding,386,58,0.6085395065619769,0.8778095238095238,0.9999925511881254,0.9995190510976658,1,1,1,1
1_39,39_original,original,81,11,0.6544300139862422,0.5422109572738819,0.6581974754121851,0.5001802698694412,1,1,1,1
1_39,39_original,short_padding,133,19,0.6544300139862422,0.8425,0.9441029128857978,0.8210201159622627,1,1,1,1
1_39,39_original,medium_padding,208,29,0.6039850295494061,0.8425,0.9924081540210761,0.9763224196413418,1,1,1,1
1_39,39_original,long_padding,393,56,0.660769218828449,0.8425,0.9999977281947666,0.9998922985441469,1,1,1,1
1_40,40_original,original,101,15,0.5452766278947887,0.6193880508323839,0.7318574845112974,0.6425199774765192,1,1,1,1
1_40,40_original,short_padding,153,23,0.5452766278947887,0.9826538461538462,0.9599025201616049,0.8917624601308364,1,1,1,1
1_40,40_original,medium_padding,228,33,0.5012440849477714,0.8425,0.9953124399973711,0.9866771411802564,1,1,1,1
1_40,40_original,long_padding,413,60,0.5635798266831525,0.8425,0.9999984714409847,0.9999400318559667,1,1,1,1
1_41,41_original,original,82,14,0.5583039700107782,0.4640522680518784,0.5380264014877055,0.5024763108144598,1,0,1,1
1_41,41_original,short_padding,134,22,0.5583039700107782,0.983375725900116,0.8910464015043269,0.7883366145322216,1,1,1,1
1_41,41_original,medium_padding,209,32,0.5787816492382771,0.8778095238095238,0.9887147356679428,0.9607277218313613,1,1,1,1
1_41,41_original,long_padding,394,59,0.5753002647511174,0.8778095238095238,0.9999914131342454,0.9996065020699815,1,1,1,1
1_42,42_original,original,90,15,0.4074146495993549,0.4630637475583788,0.5953644839229779,0.5543256182149636,0,0,1,1
1_42,42_original,short_padding,142,23,0.4074146495993549,0.99477457746311,0.9273338512459176,0.8478206333144314,0,1,1,1
1_42,42_original,medium_padding,217,33,0.4257593215655724,0.8,0.9949040245930689,0.9797723760686443,0,1,1,1
1_42,42_original,long_padding,402,60,0.42656341591149405,0.8,0.9999979691646539,0.9999004585625526,0,1,1,1
1_43,43_original,original,80,12,0.6305573923880349,0.4688846184677559,0.6887581620295667,0.48245939067756005,1,0,1,0
1_43,43_original,short_padding,132,20,0.6305573923880349,0.9197952907076602,0.9504790772801884,0.8067851024630519,1,1,1,1
1_43,43_original,medium_padding,207,30,0.5365250114611916,0.8,0.9942391527665612,0.9731929164881277,1,1,1,1
1_43,43_original,long_padding,392,57,0.601899218089841,0.8,0.9999980512759524,0.9998671931709597,1,1,1,1
1_44,44_original,original,70,14,0.4144376573285466,0.35080513659378115,0.31182479859028295,0.41131154617880344,0,0,0,0
1_44,44_original,short_padding,122,22,0.4144376573285466,0.99477457746311,0.7971617800839327,0.7578447313758178,0,1,1,1
1_44,44_original,medium_padding,197,32,0.4353296018451264,0.8,0.9841224976058465,0.9645507808629186,0,1,1,1
1_44,44_original,long_padding,382,59,0.4365182038707238,0.8,0.9999934747640061,0.9998228129088778,0,1,1,1
1_45,45_original,original,74,12,0.7674764878000015,0.5924047069020587,0.6699874220531927,0.45014451039104414,1,1,1,0
1_45,45_original,short_padding,126,20,0.7674764878000015,0.7080159685086155,0.9626265443015943,0.8101176104963997,1,1,1,1
1_45,45_original,medium_padding,201,30,0.7310891688193126,0.8033333333333332,0.9986701046517127,0.9787895908565039,1,1,1,1
1_45,45_original,long_padding,386,57,0.764333044059744,0.8033333333333332,0.9999998694659306,0.9999390308449094,1,1,1,1
1_46,46_original,original,76,11,0.4813061084693889,0.47294645346689257,0.48519840144475,0.4537492945356987,0,0,0,0
1_46,46_original,short_padding,128,19,0.4813061084693889,0.9458786240409935,0.8910029773714412,0.7881670966847946,0,1,1,1
1_46,46_original,medium_padding,203,29,0.490901395772131,0.8,0.9920080692964107,0.9700138343662741,0,1,1,1
1_46,46_original,long_padding,388,56,0.4979775153390729,0.8,0.9999968172191895,0.9998509590070669,0,1,1,1
1_47,47_original,original,155,25,0.6362043415218284,0.9931836734693877,0.9689012989531188,0.8689714030401058,1,1,1,1
1_47,47_original,short_padding,207,33,0.6362043415218284,0.9906836734693877,0.9959069768455273,0.9611544880947437,1,1,1,1
1_47,47_original,medium_padding,282,43,0.5797579767917942,0.8805,0.9997276825267631,0.9939855282691823,1,1,1,1
1_47,47_original,long_padding,467,70,0.6362043415218284,0.8805,0.9999998447399557,0.9999440939777308,1,1,1,1
1_48,48_original,original,78,14,0.501812811782788,0.4665336996788863,0.4493712174052241,0.46807792260721237,1,0,0,0
1_48,48_original,short_padding,130,22,0.501812811782788,0.99477457746311,0.8762121843828913,0.7976358438858304,1,1,1,1
1_48,48_original,medium_padding,205,32,0.5089780066163041,0.8,0.9909428582165859,0.9716465994780051,1,1,1,1
1_48,48_original,long_padding,390,59,0.519173799298478,0.8,0.9999963437376059,0.9998593100183678,1,1,1,1
1_49,49_original,original,61,9,0.38531497108589247,0.3131436768012729,0.19282420265452385,0.3514202481915771,0,0,0,0
1_49,49_original,short_padding,113,17,0.38531497108589247,0.6635448249437624,0.7519079516163841,0.738475355791373,0,1,1,1
1_49,49_original,medium_padding,188,27,0.4192596974584088,0.8033333333333332,0.9920369650009224,0.9682964396432273,0,1,1,1
1_49,49_original,long_padding,373,54,0.4164892683373071,0.8033333333333332,0.9999990441718382,0.999907883665852,0,1,1,1
1_50,50_original,original,79,12,0.43959166865291077,0.41334542659436285,0.4501373994695593,0.49189144756700237,0,0,0,0
1_50,50_original,short_padding,131,20,0.43959166865291077,0.8951956566552838,0.8647432413100185,0.7831657179111503,0,1,1,1
1_50,50_original,medium_padding,206,30,0.4378628784688469,0.8805,0.9913093752145541,0.9601980039255865,0,1,1,1
1_50,50_original,long_padding,391,57,0.43959166865291077,0.8805,0.9999940911416415,0.999617137180159,0,1,1,1
1_51,51_original,original,64,11,0.45082216961338734,0.41608316209182833,0.32202995439701665,0.3913042215259454,0,0,0,0
1_51,51_original,short_padding,116,19,0.45082216961338734,0.6800821314694674,0.7693449237704048,0.7033265719182316,0,1,1,1
1_51,51_original,medium_padding,191,29,0.4715237566460749,0.8778095238095238,0.9722708623422528,0.9396549354528596,0,1,1,1
1_51,51_original,long_padding,376,56,0.4691560804354339,0.8778095238095238,0.9999790216353079,0.9993819374067588,0,1,1,1
1_52,52_original,original,122,18,0.33612405985410876,0.8824755230027356,0.7184142714691734,0.7419884931920864,0,1,1,1
1_52,52_original,short_padding,174,26,0.33612405985410876,0.9931836734693877,0.9522106169879333,0.914743359615908,0,1,1,1
1_52,52_original,medium_padding,249,36,0.3498616976916948,0.8805,0.9974382703775427,0.9862380342627047,0,1,1,1
1_52,52_original,long_padding,434,63,0.33612405985410876,0.8805,0.999998104027966,0.9998710835965638,0,1,1,1
1_53,53_original,original,56,8,0.4646502468160725,0.35174673312989746,0.3165835527953432,0.35096489855816937,0,0,0,0
1_53,53_original,short_padding,108,16,0.4646502468160725,0.7127193325582922,0.783444964530218,0.6685972373812017,0,1,1,1
1_53,53_original,medium_padding,183,26,0.4576215293568246,0.8805,0.9834529280049994,0.9309168378876966,0,1,1,1
1_53,53_original,long_padding,368,53,0.4646502468160725,0.8805,0.9999895578577651,0.9993147814984028,0,1,1,1
1_54,54_original,original,68,12,0.526442258686643,0.3649953011245271,0.35030534966268284,0.3974223090951498,1,0,0,0
1_54,54_original,short_padding,120,20,0.526442258686643,0.8879366145001468,0.8238356396919555,0.7471044446986138,1,1,1,1
1_54,54_original,medium_padding,195,30,0.5295228364200993,0.8,0.9857757064752762,0.9625251542597499,1,1,1,1
1_54,54_original,long_padding,380,57,0.5405820104358369,0.8,0.999994379617544,0.9998122959256132,1,1,1,1
1_55,55_original,original,76,11,0.2123479011000123,0.5265080022594854,0.14830881668000293,0.4648893291806867,0,1,0,0
1_55,55_original,short_padding,128,19,0.2123479011000123,0.8421941391941391,0.5501179380545506,0.7621219492053469,0,1,1,1
1_55,55_original,medium_padding,203,29,0.23719409714684364,0.8778095238095238,0.9319348288421516,0.9546351922638022,0,1,1,1
1_55,55_original,long_padding,388,56,0.2353215332027578,0.8778095238095238,0.999946224019767,0.9995425848520377,0,1,1,1
1_56,56_original,original,74,14,0.3904684983771238,0.5192777401115425,0.3293380019979336,0.44911725219643867,0,1,0,0
1_56,56_original,short_padding,126,22,0.3904684983771238,0.9940109890109889,0.8115740233603996,0.7889012495438378,0,1,1,1
1_56,56_original,medium_padding,201,32,0.39025299205753955,0.8425,0.978881995518148,0.9710920658318098,0,1,1,1
1_56,56_original,long_padding,386,59,0.4212647085075828,0.8425,0.9999921574351398,0.9998678024128966,0,1,1,1
1_57,57_original,original,74,13,0.40839793089797727,0.4460695694856273,0.345362596490499,0.44911725219643867,0,0,0,0
1_57,57_original,short_padding,126,21,0.40839793089797727,0.9940109890109889,0.8222935524996766,0.7889012495438378,0,1,1,1
1_57,57_original,medium_padding,201,31,0.40166415040799597,0.8425,0.9794705440346225,0.9710920658318098,0,1,1,1
1_57,57_original,long_padding,386,58,0.4289197349479778,0.8425,0.9999924721001406,0.9998678024128966,0,1,1,1
1_58,58_original,original,61,9,0.40293372344549,0.33548495772660436,0.20479819511984626,0.3735252064468981,0,0,0,0
1_58,58_original,short_padding,113,17,0.40293372344549,0.5172139741928282,0.6439393998588178,0.6873801543121493,0,1,1,1
1_58,58_original,medium_padding,188,27,0.4335086765278597,0.8778095238095238,0.9523258028974596,0.9352417403094407,0,1,1,1
1_58,58_original,long_padding,373,54,0.4332443759586843,0.8778095238095238,0.9999631220902584,0.9993336392606978,0,1,1,1
1_59,59_original,original,133,23,0.5261801481450734,0.9958571428571429,0.9241425976684269,0.8210201159622627,1,1,1,1
1_59,59_original,short_padding,185,31,0.5261801481450734,0.9940109890109889,0.9907281950829679,0.9546020370178941,1,1,1,1
1_59,59_original,medium_padding,260,41,0.4816968626770545,0.8425,0.9990609063785924,0.9947372104192809,0,1,1,1
1_59,59_original,long_padding,445,68,0.5498768994144353,0.8425,0.9999996797693533,0.999976502496073,1,1,1,1
1_60,60_original,original,36,5,0.4573146467211308,0.6658766884756556,0.11750057019963292,0.21133902201393995,0,1,0,0
1_60,60_original,short_padding,88,13,0.4573146467211308,0.5088806694536232,0.5387064283959699,0.5512395274877654,0,1,1,1
1_60,60_original,medium_padding,163,23,0.4412924600816958,0.8425,0.9172741208544325,0.9169545772648349,0,1,1,1
1_60,60_original,long_padding,348,50,0.49381312357104673,0.8425,0.9999698432120799,0.9995979153324104,0,1,1,1
1_61,61_original,original,95,15,0.49934085890227253,0.6208918176785201,0.6090624155647155,0.5921077070110964,0,1,1,1
1_61,61_original,short_padding,147,23,0.49934085890227253,0.9931836734693877,0.9240538729459659,0.844136474223891,0,1,1,1
1_61,61_original,medium_padding,222,33,0.4861916540031481,0.8805,0.9953748192102032,0.9730995902317714,0,1,1,1
1_61,61_original,long_padding,407,60,0.49934085890227253,0.8805,0.9999968951448935,0.9997446380791679,0,1,1,1
1_62,62_original,original,95,15,0.5737338712502426,0.5800901052399995,0.634235218819431,0.5896070372500457,1,1,1,1
1_62,62_original,short_padding,147,23,0.5737338712502426,0.99477457746311,0.9376539325917108,0.8655050647358066,1,1,1,1
1_62,62_original,medium_padding,222,33,0.5688140218533235,0.8,0.9957944227907332,0.9824405668105165,1,1,1,1
1_62,62_original,long_padding,407,60,0.5851763544224254,0.8,0.9999982933946379,0.9999138224311012,1,1,1,1
1_63,63_original,original,57,9,0.42146488087999057,0.3932725241653259,0.2573734673345281,0.35034810954176937,0,0,0,0
1_63,63_original,short_padding,109,17,0.42146488087999057,0.5286927837719226,0.7087682918904094,0.6654135052437342,0,1,1,1
1_63,63_original,medium_padding,184,27,0.4490942025941611,0.8778095238095238,0.9628671574390483,0.9288896749072433,0,1,1,1
1_63,63_original,long_padding,369,54,0.4493665504328376,0.8778095238095238,0.9999718275557842,0.9992633247423914,0,1,1,1
1_64,64_original,original,63,11,0.4243258993869199,0.30047370573909776,0.28164677123070364,0.3660250867245699,0,0,0,0
1_64,64_original,short_padding,115,19,0.4243258993869199,0.8418069270770512,0.8326141831882768,0.7505511424498651,0,1,1,1
1_64,64_original,medium_padding,190,29,0.4477128995374181,0.8033333333333332,0.9945844804318925,0.9701887256675863,0,1,1,1
1_64,64_original,long_padding,375,56,0.44958593962633836,0.8033333333333332,0.9999993898395897,0.9999135502536451,0,1,1,1
1_65,65_original,original,90,15,0.5161676109155703,0.5224850151214723,0.6577805229193285,0.5612125629444771,1,1,1,1
1_65,65_original,short_padding,142,23,0.5161676109155703,0.9931836734693877,0.9375434712873837,0.8267451170065554,1,1,1,1
1_65,65_original,medium_padding,217,33,0.49649169032772406,0.8805,0.9959134593679626,0.9695794526344282,0,1,1,1
1_65,65_original,long_padding,402,60,0.5161676109155703,0.8805,0.9999974833681865,0.9997101834489406,1,1,1,1
1_66,66_original,original,74,13,0.3643354863004008,0.43375371194225876,0.39183888012756674,0.4524274885609027,0,0,0,0
1_66,66_original,short_padding,126,21,0.3643354863004008,0.8844270079513983,0.8189849327069393,0.7529029669943802,0,1,1,1
1_66,66_original,medium_padding,201,31,0.3943177219595293,0.8778095238095238,0.9797476895085265,0.9524112005441345,0,1,1,1
1_66,66_original,long_padding,386,58,0.39155501838381057,0.8778095238095238,0.9999846866592854,0.9995190510976658,0,1,1,1
1_67,67_original,original,99,15,0.5858960391829764,0.6705721605944635,0.7504924900830906,0.6163220291774385,1,1,1,1
1_67,67_original,short_padding,151,23,0.5858960391829764,0.8805,0.9591685397164331,0.857002538908546,1,1,1,1
1_67,67_original,medium_padding,226,33,0.5618104745864599,0.8805,0.9973751380638465,0.9756275028394833,1,1,1,1
1_67,67_original,long_padding,411,60,0.5858960391829764,0.8805,0.9999983918237855,0.9997692290133899,1,1,1,1
1_68,68_original,original,106,20,0.44400242836750864,0.7325125508977003,0.6706810432138757,0.6572824268956395,0,1,1,1
1_68,68_original,short_padding,158,28,0.44400242836750864,0.9931836734693877,0.9408462766809396,0.8773805410760839,0,1,1,1
1_68,68_original,medium_padding,233,38,0.4399497136336545,0.8805,0.9965362376658823,0.9795050042710606,0,1,1,1
1_68,68_original,long_padding,418,65,0.44400242836750864,0.8805,0.9999976248188935,0.9998067040901043,0,1,1,1
1_69,69_original,original,64,8,0.6644338257556761,0.3157614673327782,0.5004725312434815,0.3734229228336883,1,0,1,0
1_69,69_original,short_padding,116,16,0.6644338257556761,0.4931096449872479,0.9270657929392898,0.7564476116472575,1,0,1,1
1_69,69_original,medium_padding,191,26,0.6350493734228178,0.8033333333333332,0.9974807071716221,0.9710933602472982,1,1,1,1
1_69,69_original,long_padding,376,53,0.6683600002338638,0.8033333333333332,0.9999997414908539,0.9999162514677528,1,1,1,1
1_70,70_original,original,49,9,0.4982737138961552,0.30115921346695235,0.19209180762436387,0.27016803755976976,0,0,0,0
1_70,70_original,short_padding,101,17,0.4982737138961552,0.6930534103835986,0.7510278409273704,0.6586066638345985,0,1,1,1
1_70,70_original,medium_padding,176,27,0.5085832585934807,0.8033333333333332,0.9907557665088561,0.9542677815920556,1,1,1,1
1_70,70_original,long_padding,361,54,0.5178692944448726,0.8033333333333332,0.9999989775570837,0.9998651750083478,1,1,1,1
1_71,71_original,original,109,17,0.49499383576286704,0.5286927837719226,0.7333665661017039,0.6654135052437342,0,1,1,1
1_71,71_original,short_padding,161,25,0.49499383576286704,0.9879285714285715,0.9507735756659107,0.8800111626919457,0,1,1,1
1_71,71_original,medium_padding,236,35,0.5167315827372039,0.8778095238095238,0.9952253571124977,0.979663265444363,1,1,1,1
1_71,71_original,long_padding,421,62,0.516610601774353,0.8778095238095238,0.9999964103104377,0.9998001311135664,1,1,1,1
1_72,72_original,original,83,14,0.3218876811787384,0.4774127649917449,0.34416230831953853,0.5040787177578882,0,0,0,1
1_72,72_original,short_padding,135,22,0.3218876811787384,0.99477457746311,0.8198676308333565,0.8199133864723063,0,1,1,1
1_72,72_original,medium_padding,210,32,0.36092847363806135,0.8,0.9878094900780595,0.9753596911490094,0,1,1,1
1_72,72_original,long_padding,395,59,0.35188135872029097,0.8,0.9999946434123289,0.9998781975840143,0,1,1,1
1_73,73_original,original,86,13,0.3252745042458934,0.5088806694536232,0.3265223501400775,0.5367139072394467,0,1,0,1
1_73,73_original,short_padding,138,21,0.3252745042458934,0.9826538461538462,0.8096125593009416,0.8415322892069017,0,1,1,1
1_73,73_original,medium_padding,213,31,0.33957304638576863,0.8425,0.979673142333505,0.979480840022294,0,1,1,1
1_73,73_original,long_padding,398,58,0.34815059849129304,0.8425,0.9999919531333522,0.9999069647520307,0,1,1,1
1_74,74_original,original,107,17,0.486112599987561,0.5353849970107967,0.7989823927877964,0.6817872848224583,0,1,1,1
1_74,74_original,short_padding,159,25,0.486112599987561,0.9940109890109889,0.9721153326156805,0.9075894305182735,0,1,1,1
1_74,74_original,medium_padding,234,35,0.4691277348273785,0.8425,0.9970609572276817,0.9887995847323143,0,1,1,1
1_74,74_original,long_padding,419,62,0.5020970303377678,0.8425,0.9999989759853568,0.999949693014462,1,1,1,1
1_75,75_original,original,85,14,0.3738293792854859,0.4640522680518784,0.4841589708224835,0.5212858997849624,0,0,0,1
1_75,75_original,short_padding,137,22,0.3738293792854859,0.983375725900116,0.8682632335645466,0.8006270008477984,0,1,1,1
1_75,75_original,medium_padding,212,32,0.4059606806048053,0.8778095238095238,0.9862876144450885,0.963471915249087,0,1,1,1
1_75,75_original,long_padding,397,59,0.4030001490416643,0.8778095238095238,0.9999896679500757,0.9996350302116274,0,1,1,1
1_76,76_original,original,62,10,0.31198383024439863,0.3516062516285862,0.25186798471425553,0.36456697792491205,0,0,0,0
1_76,76_original,short_padding,114,18,0.31198383024439863,0.6965936621756467,0.7470190865356056,0.7245124897472495,0,1,1,1
1_76,76_original,medium_padding,189,28,0.31876271486351715,0.8425,0.9677012340733939,0.9594158406319019,0,1,1,1
1_76,76_original,long_padding,374,55,0.3360263722588695,0.8425,0.9999881341537876,0.999812158141139,0,1,1,1
1_77,77_original,original,80,11,0.45392004636530303,0.39971519893611157,0.46700264084066984,0.4982207825296527,0,0,0,0
1_77,77_original,short_padding,132,19,0.45392004636530303,0.9520500255873227,0.8724939325079843,0.787434679229333,0,1,1,1
1_77,77_original,medium_padding,207,29,0.45701554812008843,0.8805,0.9919746778525489,0.9611544880947437,0,1,1,1
1_77,77_original,long_padding,392,56,0.45392004636530303,0.8805,0.9999944792207149,0.9996267060529153,0,1,1,1
1_78,78_original,original,75,12,0.6381605354166571,0.44765623178792546,0.6460236674962972,0.4586519434140867,1,0,1,0
1_78,78_original,short_padding,127,20,0.6381605354166571,0.9327603412847316,0.9276192254511891,0.7575422496688076,1,1,1,1
1_78,78_original,medium_padding,202,30,0.6480060063299513,0.8778095238095238,0.9922221369232191,0.9535358527023157,1,1,1,1
1_78,78_original,long_padding,387,57,0.6453115449744238,0.8778095238095238,0.9999941613807977,0.9995309654828415,1,1,1,1
1_79,79_original,original,97,15,0.4218601264948173,0.7316710894505932,0.6752021634312593,0.6295068687394721,0,1,1,1
1_79,79_original,short_padding,149,23,0.4218601264948173,0.936508658008658,0.9634692376499724,0.898526931278893,0,1,1,1
1_79,79_original,medium_padding,224,33,0.44788086037669134,0.8033333333333332,0.9989850142722171,0.9896668718056325,0,1,1,1
1_79,79_original,long_padding,409,60,0.44946897181399165,0.8033333333333332,0.9999998854284977,0.9999706230314662,0,1,1,1
1_80,80_original,original,79,10,0.5306663629404593,0.3846177034494495,0.5439375853468454,0.49189144756700237,1,0,1,0
1_80,80_original,short_padding,131,18,0.5306663629404593,0.9212328253495116,0.9030496145203885,0.7831657179111503,1,1,1,1
1_80,80_original,medium_padding,206,28,0.5003284230811444,0.8805,0.9932491243607001,0.9601980039255865,1,1,1,1
1_80,80_original,long_padding,391,55,0.5306663629404593,0.8805,0.9999959442561935,0.999617137180159,1,1,1,1
1_81,81_original,original,86,13,0.5451125305792794,0.47329563580636097,0.6763881049273119,0.5450974041285467,1,0,1,1
1_81,81_original,short_padding,138,21,0.5451125305792794,0.8930366116941195,0.963659273884615,0.8619691857035232,1,1,1,1
1_81,81_original,medium_padding,213,31,0.5471052685663084,0.8033333333333332,0.9988950708068857,0.9854110238418058,1,1,1,1
1_81,81_original,long_padding,398,58,0.561791107346982,0.8033333333333332,0.999999881570814,0.9999583450843564,1,1,1,1
1_82,82_original,original,89,14,0.3349188666873483,0.5376105646028837,0.527148029832664,0.5685955157296042,0,1,1,1
1_82,82_original,short_padding,141,22,0.3349188666873483,0.9314320365307206,0.9339663328158531,0.8729152819745772,0,1,1,1
1_82,82_original,medium_padding,216,32,0.3722277286735938,0.8033333333333332,0.998192817406351,0.9867187876936029,0,1,1,1
1_82,82_original,long_padding,401,59,0.36486426759856794,0.8033333333333332,0.9999997904496847,0.9999621291697522,0,1,1,1
1_83,83_original,original,86,11,0.6802353663218836,0.40803706202664364,0.6758919375370249,0.5256828035874969,1,0,1,1
1_83,83_original,short_padding,138,19,0.6802353663218836,0.7127870370370369,0.9476089986698935,0.8323350276719523,1,1,1,1
1_83,83_original,medium_padding,213,29,0.6557973198664224,0.8,0.9957185567135708,0.9773554039504184,1,1,1,1
1_83,83_original,long_padding,398,56,0.6828570170327891,0.8,0.99999845176839,0.999888290270029,1,1,1,1
1_84,84_original,original,90,14,0.4978810298328736,0.5613539251388172,0.5890179241920209,0.5656782628957504,0,1,1,1
1_84,84_original,short_padding,142,22,0.4978810298328736,0.9826538461538462,0.9263111078061953,0.8565336385711012,0,1,1,1
1_84,84_original,medium_padding,217,32,0.4736444105432816,0.8425,0.9915402990301058,0.9817071552221193,0,1,1,1
1_84,84_original,long_padding,402,59,0.5135491856834782,0.8425,0.9999971447929829,0.9999172462571493,1,1,1,1
1_85,85_original,original,102,15,0.40120038775370276,0.6548275423921228,0.5481486317294156,0.6657085025050938,0,1,1,1
1_85,85_original,short_padding,154,23,0.40120038775370276,0.8033333333333332,0.9389901596630833,0.9121120327077625,0,1,1,1
1_85,85_original,medium_padding,229,33,0.4245190455531335,0.8033333333333332,0.9984171319998189,0.9911701658764471,0,1,1,1
1_85,85_original,long_padding,414,60,0.42439325519333904,0.8033333333333332,0.9999998111234997,0.9999749348452661,0,1,1,1
1_86,86_original,original,125,19,0.39610645693941104,0.9301786425843607,0.8145923099138923,0.7562612650708342,0,1,1,1
1_86,86_original,short_padding,177,27,0.39610645693941104,0.9931836734693877,0.9716812566114627,0.9204837540592977,0,1,1,1
1_86,86_original,medium_padding,252,37,0.40555139267209617,0.8805,0.9984462701111141,0.9872318297356136,0,1,1,1
1_86,86_original,long_padding,437,64,0.39610645693941104,0.8805,0.9999988990083608,0.9998805123369423,0,1,1,1
1_87,87_original,original,88,14,0.6632616092716067,0.46264774019962934,0.7733799064416442,0.5400353247047862,1,0,1,1
1_87,87_original,short_padding,140,22,0.6632616092716067,0.983375725900116,0.9599429783404118,0.812373587868858,1,1,1,1
1_87,87_original,medium_padding,215,32,0.6581139803687818,0.8778095238095238,0.995504100150383,0.9660311350603823,1,1,1,1
1_87,87_original,long_padding,400,59,0.6659899486775833,0.8778095238095238,0.9999967942499646,0.9996614907966285,1,1,1,1
1_88,88_original,original,108,19,0.5024639236418073,0.8424275258903452,0.811302360400908,0.6685972373812017,1,1,1,1
1_88,88_original,short_padding,160,27,0.5024639236418073,0.9931836734693877,0.9710797953692892,0.882725339389099,1,1,1,1
1_88,88_original,medium_padding,235,37,0.4891442558608297,0.8805,0.9981789097826852,0.9804972987303356,0,1,1,1
1_88,88_original,long_padding,420,64,0.5024639236418073,0.8805,0.9999988749280392,0.9998162471837835,1,1,1,1
1_89,89_original,original,108,16,0.4843092973332374,0.4382906096401392,0.7963097535833479,0.6598030451443819,0,0,1,1
1_89,89_original,short_padding,160,24,0.4843092973332374,0.9917090592334494,0.964853876309161,0.8773358013194528,0,1,1,1
1_89,89_original,medium_padding,235,34,0.49875494641816553,0.8778095238095238,0.996472673959259,0.9791571968393906,0,1,1,1
1_89,89_original,long_padding,420,61,0.5000769369900147,0.8778095238095238,0.9999974446951284,0.999795052654789,1,1,1,1
1_90,90_original,original,74,11,0.5551014234226384,0.4853451619515265,0.3231582972451604,0.44911725219643867,1,0,0,0
1_90,90_original,short_padding,126,19,0.5551014234226384,0.8425,0.8072370120180273,0.7889012495438378,1,1,1,1
1_90,90_original,medium_padding,201,29,0.512363322251778,0.8425,0.9750239391837212,0.9710920658318098,1,1,1,1
1_90,90_original,long_padding,386,56,0.5713127841122441,0.8425,0.9999914433626683,0.9998678024128966,1,1,1,1
1_91,91_original,original,93,15,0.5097187994169575,0.5763551566812982,0.6444409609575295,0.571008699805219,1,1,1,1
1_91,91_original,short_padding,145,23,0.5097187994169575,0.9917090592334494,0.9271536201039682,0.8307554065305474,1,1,1,1
1_91,91_original,medium_padding,220,33,0.5341430745432357,0.8778095238095238,0.9927398688902888,0.969916543951773,1,1,1,1
1_91,91_original,long_padding,405,60,0.5309244809562685,0.8778095238095238,0.9999945369899405,0.9997013989936707,1,1,1,1
1_92,92_original,original,90,13,0.2651461559889171,0.4763188916203145,0.34871486763226495,0.5763653939328343,0,0,0,1
1_92,92_original,short_padding,142,21,0.2651461559889171,0.8930366116941195,0.8716787094678238,0.8763956502554008,0,1,1,1
1_92,92_original,medium_padding,217,31,0.2932776370666152,0.8033333333333332,0.9964060567534873,0.9871284660816414,0,1,1,1
1_92,92_original,long_padding,402,58,0.28551023079181187,0.8033333333333332,0.9999995708639647,0.9999633125397431,0,1,1,1
1_93,93_original,original,103,14,0.3363015447253044,0.6657780439763643,0.5875093001761267,0.6310988300778888,0,1,1,1
1_93,93_original,short_padding,155,22,0.3363015447253044,0.983375725900116,0.9091047799374071,0.8631799161382072,0,1,1,1
1_93,93_original,medium_padding,230,32,0.3621097488735397,0.8778095238095238,0.9910654086078341,0.9764362634779331,0,1,1,1
1_93,93_original,long_padding,415,59,0.35975682904819656,0.8778095238095238,0.9999933553523813,0.9997676584146157,0,1,1,1
1_94,94_original,original,137,25,0.4195942422193965,0.9940109890109889,0.90711715344014,0.8375884958477701,0,1,1,1
1_94,94_original,short_padding,189,33,0.4195942422193965,0.9826538461538462,0.9884606247546841,0.9594158406319019,0,1,1,1
1_94,94_original,medium_padding,264,43,0.4156938307745914,0.8425,0.9988565074823008,0.9953161352379563,0,1,1,1
1_94,94_original,long_padding,449,70,0.4572367115965189,0.8425,0.9999996009862187,0.9999790994112906,0,1,1,1
1_95,95_original,original,80,12,0.29485184364206246,0.5234411990314005,0.3193914285188137,0.4928607882191082,0,1,0,0
1_95,95_original,short_padding,132,20,0.29485184364206246,0.9940109890109889,0.8045346810457313,0.8166770419258514,0,1,1,1
1_95,95_original,medium_padding,207,30,0.30069497175523596,0.8425,0.977877091377612,0.9756360345923735,0,1,1,1
1_95,95_original,long_padding,392,57,0.3155151530307093,0.8425,0.9999916441007582,0.9998890987939762,0,1,1,1
1_96,96_original,original,85,12,0.41288938860792607,0.4313047348511932,0.49444488836711076,0.5298354802044938,0,0,0,1
1_96,96_original,short_padding,137,20,0.41288938860792607,0.8951956566552838,0.8842341149733599,0.807854932262639,0,1,1,1
1_96,96_original,medium_padding,212,30,0.4131450707819965,0.8805,0.9926767812102002,0.9656149533153935,0,1,1,1
1_96,96_original,long_padding,397,57,0.41288938860792607,0.8805,0.9999950540977575,0.9996710815675713,0,1,1,1
1_97,97_original,original,140,20,0.5789594278785292,0.901530182554573,0.953915050165085,0.812373587868858,1,1,1,1
1_97,97_original,short_padding,192,28,0.5789594278785292,0.9917090592334494,0.993167188023672,0.9410623972696212,1,1,1,1
1_97,97_original,medium_padding,267,38,0.5873541285953977,0.8778095238095238,0.9993240456229249,0.9905549480496736,1,1,1,1
1_97,97_original,long_padding,452,65,0.5900734743704669,0.8778095238095238,0.9999995130271404,0.9999081850272505,1,1,1,1
1_98,98_original,original,57,10,0.5281731947913102,0.36196786383858565,0.32429101293097695,0.35675407604565623,1,0,0,0
1_98,98_original,short_padding,109,18,0.5281731947913102,0.8429184933320069,0.7893899504087354,0.6741834044192218,1,1,1,1
1_98,98_original,medium_padding,184,28,0.4992471501377602,0.8805,0.9837497466493759,0.9325275339890282,0,1,1,1
1_98,98_original,long_padding,369,55,0.5281731947913102,0.8805,0.999989920999509,0.9993319020821452,1,1,1,1
1_99,99_original,original,103,14,0.5122970758539915,0.667667402430878,0.7994782894971234,0.6727360156781478,1,1,1,1
1_99,99_original,short_padding,155,22,0.5122970758539915,0.9314320365307206,0.9806137291796654,0.9146239402143572,1,1,1,1
1_99,99_original,medium_padding,230,32,0.5105213055168214,0.8033333333333332,0.9994257486446546,0.9914437256733539,1,1,1,1
1_99,99_original,long_padding,415,59,0.5301224684560185,0.8033333333333332,0.999999939266864,0.9999757180792147,1,1,1,1
