model,dataset,calibration_method,brier_score,log_loss,ece
all-MiniLM-L6-v2,Original_N800,Uncalibrated,0.21572657492239208,0.6196806095224348,0.052109802657601643
all-MiniLM-L6-v2,Original_N800,Sigmoid / Platt,0.2184777654070222,0.6276411310042986,0.0466087220003001
all-MiniLM-L6-v2,Original_N800,Isotonic,0.22181550557920587,0.746210400183791,0.07876786881164768
all-MiniLM-L6-v2,Length_Balanced_N488,Uncalibrated,0.20264159406386856,0.5900060974849713,0.05326461347017009
all-MiniLM-L6-v2,Length_Balanced_N488,Sigmoid / Platt,0.20662799107141605,0.6008568996464827,0.06185663279946287
all-MiniLM-L6-v2,Length_Balanced_N488,Isotonic,0.20726263095226694,0.7767493698146773,0.04535129078152804
Safety-Policy-MiniLM,Original_N800,Uncalibrated,0.23974716845482866,0.6727310556685236,0.042562917345771965
Safety-Policy-MiniLM,Original_N800,Sigmoid / Platt,0.2420334465942701,0.6771968115774831,0.05774649194584441
Safety-Policy-MiniLM,Original_N800,Isotonic,0.2602518242187335,1.2124732383857804,0.07129236356917575
Safety-Policy-MiniLM,Length_Balanced_N488,Uncalibrated,0.23092745475191354,0.6578577136122471,0.07279776952267118
Safety-Policy-MiniLM,Length_Balanced_N488,Sigmoid / Platt,0.2341147683671495,0.661702091761457,0.10891631683290057
Safety-Policy-MiniLM,Length_Balanced_N488,Isotonic,0.24270528657097482,0.8914602849813722,0.08847318511903916
