model,dataset,threshold,accuracy,balanced_accuracy,precision,recall,f1,fpr,fnr,specificity,mcc,tp,fp,tn,fn
all-MiniLM-L6-v2,Original_N800,0.05,0.5,0.5,0.5,1.0,0.6666666666666666,1.0,0.0,0.0,0.0,400,400,0,0
all-MiniLM-L6-v2,Original_N800,0.1,0.50125,0.50125,0.5006257822277848,1.0,0.6672226855713094,0.9975,0.0,0.0025,0.03537745688386125,400,399,1,0
all-MiniLM-L6-v2,Original_N800,0.15,0.51125,0.51125,0.5057034220532319,0.9975,0.671152228763667,0.975,0.0025,0.025,0.09660679298446447,399,390,10,1
all-MiniLM-L6-v2,Original_N800,0.2,0.53875,0.53875,0.5204755614266843,0.985,0.6810717372515125,0.9075,0.015,0.0925,0.17182229925768058,394,363,37,6
all-MiniLM-L6-v2,Original_N800,0.25,0.5625,0.5625,0.5352112676056338,0.95,0.6846846846846847,0.825,0.05,0.175,0.1977969430323089,380,330,70,20
all-MiniLM-L6-v2,Original_N800,0.3,0.5825,0.5825,0.5491071428571429,0.9225,0.6884328358208955,0.7575,0.0775,0.2425,0.22503719930586716,369,303,97,31
all-MiniLM-L6-v2,Original_N800,0.35,0.6175,0.6175,0.5788590604026845,0.8625,0.6927710843373494,0.6275,0.1375,0.3725,0.26958122348816504,345,251,149,55
all-MiniLM-L6-v2,Original_N800,0.4,0.6575,0.6575,0.6175373134328358,0.8275,0.7072649572649573,0.5125,0.1725,0.4875,0.3349547854215518,331,205,195,69
all-MiniLM-L6-v2,Original_N800,0.45,0.655,0.655,0.6319148936170212,0.7425,0.6827586206896552,0.4325,0.2575,0.5675,0.31485876399379586,297,173,227,103
all-MiniLM-L6-v2,Original_N800,0.5,0.65375,0.65375,0.652605459057072,0.6575,0.6550435865504358,0.35,0.3425,0.65,0.30750864880237305,263,140,260,137
all-MiniLM-L6-v2,Original_N800,0.55,0.645,0.645,0.6638418079096046,0.5875,0.623342175066313,0.2975,0.4125,0.7025,0.29193685751903653,235,119,281,165
all-MiniLM-L6-v2,Original_N800,0.6,0.65375,0.65375,0.7029702970297029,0.5325,0.6059743954480796,0.225,0.4675,0.775,0.3169608353812936,213,90,310,187
all-MiniLM-L6-v2,Original_N800,0.65,0.63125,0.63125,0.7125506072874493,0.44,0.5440494590417311,0.1775,0.56,0.8225,0.2841045942763067,176,71,329,224
all-MiniLM-L6-v2,Original_N800,0.7,0.59625,0.59625,0.72,0.315,0.43826086956521737,0.1225,0.685,0.8775,0.23282611537368397,126,49,351,274
all-MiniLM-L6-v2,Original_N800,0.75,0.5825,0.5825,0.7894736842105263,0.225,0.35019455252918286,0.06,0.775,0.94,0.23600948218025775,90,24,376,310
all-MiniLM-L6-v2,Original_N800,0.8,0.5525,0.5525,0.85,0.1275,0.2217391304347826,0.0225,0.8725,0.9775,0.1993231791080248,51,9,391,349
all-MiniLM-L6-v2,Original_N800,0.85,0.5325,0.5325,0.9333333333333333,0.07,0.13023255813953488,0.005,0.93,0.995,0.17106744068953994,28,2,398,372
all-MiniLM-L6-v2,Original_N800,0.9,0.50875,0.50875,1.0,0.0175,0.0343980343980344,0.0,0.9825,1.0,0.0939533838423878,7,0,400,393
all-MiniLM-L6-v2,Original_N800,0.95,0.5,0.5,0.0,0.0,0.0,0.0,1.0,1.0,0.0,0,0,400,400
all-MiniLM-L6-v2,Length_Balanced_N488,0.05,0.5,0.5,0.5,1.0,0.6666666666666666,1.0,0.0,0.0,0.0,244,244,0,0
all-MiniLM-L6-v2,Length_Balanced_N488,0.1,0.5020491803278688,0.5020491803278688,0.5010266940451745,1.0,0.667578659370725,0.9959016393442623,0.0,0.004098360655737705,0.04531432544294437,244,243,1,0
all-MiniLM-L6-v2,Length_Balanced_N488,0.15,0.5081967213114754,0.5081967213114754,0.5041322314049587,1.0,0.6703296703296703,0.9836065573770492,0.0,0.01639344262295082,0.09090909090909091,244,240,4,0
all-MiniLM-L6-v2,Length_Balanced_N488,0.2,0.5204918032786885,0.5204918032786886,0.5105042016806722,0.9959016393442623,0.675,0.9549180327868853,0.004098360655737705,0.045081967213114756,0.13231403100624078,243,233,11,1
all-MiniLM-L6-v2,Length_Balanced_N488,0.25,0.5491803278688525,0.5491803278688525,0.526431718061674,0.9795081967213115,0.6848137535816619,0.8811475409836066,0.020491803278688523,0.11885245901639344,0.19317185787610078,239,215,29,5
all-MiniLM-L6-v2,Length_Balanced_N488,0.3,0.5717213114754098,0.5717213114754098,0.5415676959619953,0.9344262295081968,0.6857142857142857,0.7909836065573771,0.06557377049180328,0.20901639344262296,0.2083961038016223,228,193,51,16
all-MiniLM-L6-v2,Length_Balanced_N488,0.35,0.6065573770491803,0.6065573770491803,0.5680628272251309,0.889344262295082,0.6932907348242812,0.6762295081967213,0.11065573770491803,0.3237704918032787,0.2584156011889845,217,165,79,27
all-MiniLM-L6-v2,Length_Balanced_N488,0.4,0.6311475409836066,0.6311475409836066,0.5924855491329479,0.8401639344262295,0.6949152542372882,0.5778688524590164,0.1598360655737705,0.42213114754098363,0.2887338836306888,205,141,103,39
all-MiniLM-L6-v2,Length_Balanced_N488,0.45,0.6495901639344263,0.6495901639344263,0.6308243727598566,0.7213114754098361,0.6730401529636711,0.42213114754098363,0.2786885245901639,0.5778688524590164,0.3023065906507905,176,103,141,68
all-MiniLM-L6-v2,Length_Balanced_N488,0.5,0.6741803278688525,0.6741803278688525,0.6888888888888889,0.6352459016393442,0.6609808102345416,0.28688524590163933,0.36475409836065575,0.7131147540983607,0.3494216357209842,155,70,174,89
all-MiniLM-L6-v2,Length_Balanced_N488,0.55,0.6926229508196722,0.6926229508196722,0.7611111111111111,0.5614754098360656,0.6462264150943396,0.1762295081967213,0.4385245901639344,0.8237704918032787,0.39922363329280663,137,43,201,107
all-MiniLM-L6-v2,Length_Balanced_N488,0.6,0.6844262295081968,0.6844262295081968,0.8040540540540541,0.48770491803278687,0.6071428571428571,0.11885245901639344,0.5122950819672131,0.8811475409836066,0.40121041028708926,119,29,215,125
all-MiniLM-L6-v2,Length_Balanced_N488,0.65,0.680327868852459,0.680327868852459,0.860655737704918,0.430327868852459,0.5737704918032787,0.06967213114754098,0.569672131147541,0.930327868852459,0.41644937449743497,105,17,227,139
all-MiniLM-L6-v2,Length_Balanced_N488,0.7,0.6475409836065574,0.6475409836065573,0.8673469387755102,0.3483606557377049,0.49707602339181284,0.05327868852459016,0.6516393442622951,0.9467213114754098,0.3682876495059941,85,13,231,159
all-MiniLM-L6-v2,Length_Balanced_N488,0.75,0.5922131147540983,0.5922131147540983,0.9245283018867925,0.20081967213114754,0.32996632996632996,0.01639344262295082,0.7991803278688525,0.9836065573770492,0.29636707268129703,49,4,240,195
all-MiniLM-L6-v2,Length_Balanced_N488,0.8,0.5512295081967213,0.5512295081967213,0.9310344827586207,0.11065573770491803,0.1978021978021978,0.00819672131147541,0.889344262295082,0.9918032786885246,0.2166879031218099,27,2,242,217
all-MiniLM-L6-v2,Length_Balanced_N488,0.85,0.5327868852459017,0.5327868852459017,1.0,0.06557377049180328,0.12307692307692308,0.0,0.9344262295081968,1.0,0.18411492357966466,16,0,244,228
all-MiniLM-L6-v2,Length_Balanced_N488,0.9,0.5,0.5,0.0,0.0,0.0,0.0,1.0,1.0,0.0,0,0,244,244
all-MiniLM-L6-v2,Length_Balanced_N488,0.95,0.5,0.5,0.0,0.0,0.0,0.0,1.0,1.0,0.0,0,0,244,244
Safety-Policy-MiniLM,Original_N800,0.05,0.5,0.5,0.5,1.0,0.6666666666666666,1.0,0.0,0.0,0.0,400,400,0,0
Safety-Policy-MiniLM,Original_N800,0.1,0.5,0.5,0.5,1.0,0.6666666666666666,1.0,0.0,0.0,0.0,400,400,0,0
Safety-Policy-MiniLM,Original_N800,0.15,0.5,0.5,0.5,1.0,0.6666666666666666,1.0,0.0,0.0,0.0,400,400,0,0
Safety-Policy-MiniLM,Original_N800,0.2,0.5,0.5,0.5,1.0,0.6666666666666666,1.0,0.0,0.0,0.0,400,400,0,0
Safety-Policy-MiniLM,Original_N800,0.25,0.5,0.5,0.5,1.0,0.6666666666666666,1.0,0.0,0.0,0.0,400,400,0,0
Safety-Policy-MiniLM,Original_N800,0.3,0.50625,0.50625,0.5031766200762389,0.99,0.6672283066554339,0.9775,0.01,0.0225,0.04943231640130918,396,391,9,4
Safety-Policy-MiniLM,Original_N800,0.35,0.52125,0.52125,0.5122302158273381,0.89,0.6502283105022831,0.8475,0.11,0.1525,0.06293059957713784,356,339,61,44
Safety-Policy-MiniLM,Original_N800,0.4,0.54875,0.5487500000000001,0.533106960950764,0.785,0.6349848331648129,0.6875,0.215,0.3125,0.11062817091414147,314,275,125,86
Safety-Policy-MiniLM,Original_N800,0.45,0.6,0.6000000000000001,0.5784313725490197,0.7375,0.6483516483516484,0.5375,0.2625,0.4625,0.2080203869969375,295,215,185,105
Safety-Policy-MiniLM,Original_N800,0.5,0.605,0.605,0.5909090909090909,0.6825,0.6334106728538283,0.4725,0.3175,0.5275,0.21256900914084842,273,189,211,127
Safety-Policy-MiniLM,Original_N800,0.55,0.61,0.61,0.6151832460732984,0.5875,0.6010230179028133,0.3675,0.4125,0.6325,0.22022308887345976,235,147,253,165
Safety-Policy-MiniLM,Original_N800,0.6,0.56375,0.56375,0.6424581005586593,0.2875,0.39723661485319517,0.16,0.7125,0.84,0.1529670391542108,115,64,336,285
Safety-Policy-MiniLM,Original_N800,0.65,0.505,0.505,0.8333333333333334,0.0125,0.024630541871921183,0.0025,0.9875,0.9975,0.05795275877997446,5,1,399,395
Safety-Policy-MiniLM,Original_N800,0.7,0.5,0.5,0.0,0.0,0.0,0.0,1.0,1.0,0.0,0,0,400,400
Safety-Policy-MiniLM,Original_N800,0.75,0.5,0.5,0.0,0.0,0.0,0.0,1.0,1.0,0.0,0,0,400,400
Safety-Policy-MiniLM,Original_N800,0.8,0.5,0.5,0.0,0.0,0.0,0.0,1.0,1.0,0.0,0,0,400,400
Safety-Policy-MiniLM,Original_N800,0.85,0.5,0.5,0.0,0.0,0.0,0.0,1.0,1.0,0.0,0,0,400,400
Safety-Policy-MiniLM,Original_N800,0.9,0.5,0.5,0.0,0.0,0.0,0.0,1.0,1.0,0.0,0,0,400,400
Safety-Policy-MiniLM,Original_N800,0.95,0.5,0.5,0.0,0.0,0.0,0.0,1.0,1.0,0.0,0,0,400,400
Safety-Policy-MiniLM,Length_Balanced_N488,0.05,0.5,0.5,0.5,1.0,0.6666666666666666,1.0,0.0,0.0,0.0,244,244,0,0
Safety-Policy-MiniLM,Length_Balanced_N488,0.1,0.5,0.5,0.5,1.0,0.6666666666666666,1.0,0.0,0.0,0.0,244,244,0,0
Safety-Policy-MiniLM,Length_Balanced_N488,0.15,0.5,0.5,0.5,1.0,0.6666666666666666,1.0,0.0,0.0,0.0,244,244,0,0
Safety-Policy-MiniLM,Length_Balanced_N488,0.2,0.5,0.5,0.5,0.9590163934426229,0.6573033707865169,0.9590163934426229,0.040983606557377046,0.040983606557377046,0.0,234,234,10,10
Safety-Policy-MiniLM,Length_Balanced_N488,0.25,0.4959016393442623,0.4959016393442623,0.4977578475336323,0.9098360655737705,0.6434782608695652,0.9180327868852459,0.09016393442622951,0.08196721311475409,-0.01461295076739323,222,224,20,22
Safety-Policy-MiniLM,Length_Balanced_N488,0.3,0.5614754098360656,0.5614754098360656,0.5375,0.8811475409836066,0.6677018633540373,0.7581967213114754,0.11885245901639344,0.24180327868852458,0.15990053726670783,215,185,59,29
Safety-Policy-MiniLM,Length_Balanced_N488,0.35,0.6147540983606558,0.6147540983606558,0.5782122905027933,0.8483606557377049,0.6877076411960132,0.6188524590163934,0.15163934426229508,0.38114754098360654,0.2595821573860109,207,151,93,37
Safety-Policy-MiniLM,Length_Balanced_N488,0.4,0.6454918032786885,0.6454918032786885,0.6053412462908012,0.8360655737704918,0.7022375215146299,0.5450819672131147,0.16393442622950818,0.45491803278688525,0.3147421626700344,204,133,111,40
Safety-Policy-MiniLM,Length_Balanced_N488,0.45,0.6577868852459017,0.6577868852459017,0.6199376947040498,0.8155737704918032,0.7044247787610619,0.5,0.18442622950819673,0.5,0.33256762838802995,199,122,122,45
Safety-Policy-MiniLM,Length_Balanced_N488,0.5,0.6557377049180327,0.6557377049180328,0.6258278145695364,0.7745901639344263,0.6923076923076923,0.46311475409836067,0.22540983606557377,0.5368852459016393,0.32066654216042956,189,113,131,55
Safety-Policy-MiniLM,Length_Balanced_N488,0.55,0.6557377049180327,0.6557377049180328,0.6397058823529411,0.7131147540983607,0.6744186046511628,0.4016393442622951,0.28688524590163933,0.5983606557377049,0.3135467219426135,174,98,146,70
Safety-Policy-MiniLM,Length_Balanced_N488,0.6,0.6024590163934426,0.6024590163934427,0.6116071428571429,0.5614754098360656,0.5854700854700855,0.35655737704918034,0.4385245901639344,0.6434426229508197,0.20560990467492782,137,87,157,107
Safety-Policy-MiniLM,Length_Balanced_N488,0.65,0.5430327868852459,0.5430327868852459,0.5963302752293578,0.26639344262295084,0.36827195467422097,0.18032786885245902,0.7336065573770492,0.819672131147541,0.10332048610336653,65,44,200,179
Safety-Policy-MiniLM,Length_Balanced_N488,0.7,0.5,0.5,0.0,0.0,0.0,0.0,1.0,1.0,0.0,0,0,244,244
Safety-Policy-MiniLM,Length_Balanced_N488,0.75,0.5,0.5,0.0,0.0,0.0,0.0,1.0,1.0,0.0,0,0,244,244
Safety-Policy-MiniLM,Length_Balanced_N488,0.8,0.5,0.5,0.0,0.0,0.0,0.0,1.0,1.0,0.0,0,0,244,244
Safety-Policy-MiniLM,Length_Balanced_N488,0.85,0.5,0.5,0.0,0.0,0.0,0.0,1.0,1.0,0.0,0,0,244,244
Safety-Policy-MiniLM,Length_Balanced_N488,0.9,0.5,0.5,0.0,0.0,0.0,0.0,1.0,1.0,0.0,0,0,244,244
Safety-Policy-MiniLM,Length_Balanced_N488,0.95,0.5,0.5,0.0,0.0,0.0,0.0,1.0,1.0,0.0,0,0,244,244
