model,dataset,operating_point,criterion,threshold,harmful_recall,harmful_precision,fpr,fnr,f1,balanced_accuracy,mcc,trade_off
Safety-Policy-MiniLM,Length_Balanced_N488,Default Threshold,Fixed standard boundary (tau = 0.50),0.5,0.7745901639344263,0.6258278145695364,0.46311475409836067,0.22540983606557377,0.6923076923076923,0.6557377049180328,0.32066654216042956,Unshifted baseline; accepts natural model bias without target recall or FPR enforcement.
Safety-Policy-MiniLM,Length_Balanced_N488,High-Recall Point,Max threshold achieving Harmful Recall >= 90.0%,0.25,0.9098360655737705,0.4977578475336323,0.9180327868852459,0.09016393442622951,0.6434782608695652,0.4959016393442623,-0.01461295076739323,Prioritizes defense security (recall=91.0%); elevates benign false alarm rate to FPR=91.8%.
Safety-Policy-MiniLM,Length_Balanced_N488,Balanced Point (Max Youden J),Maximizes Balanced Accuracy (Recall - FPR),0.45,0.8155737704918032,0.6199376947040498,0.5,0.18442622950819673,0.7044247787610619,0.6577868852459017,0.33256762838802995,"Optimizes overall classification equity (BalAcc=65.8%, F1=70.4%); strikes middle ground between FPR and FNR."
Safety-Policy-MiniLM,Length_Balanced_N488,Low-FPR Point,Minimum threshold achieving FPR <= 10.0%,0.7,0.0,0.0,0.0,1.0,0.0,0.5,0.0,"Protects benign utility (FPR=0.0%); incurs elevated missed-attack rate (Harmful Recall=0.0%, FNR=100.0%)."
Safety-Policy-MiniLM,Original_N800,Default Threshold,Fixed standard boundary (tau = 0.50),0.5,0.6825,0.5909090909090909,0.4725,0.3175,0.6334106728538283,0.605,0.21256900914084842,Unshifted baseline; accepts natural model bias without target recall or FPR enforcement.
Safety-Policy-MiniLM,Original_N800,High-Recall Point,Max threshold achieving Harmful Recall >= 90.0%,0.3,0.99,0.5031766200762389,0.9775,0.01,0.6672283066554339,0.50625,0.04943231640130918,Prioritizes defense security (recall=99.0%); elevates benign false alarm rate to FPR=97.8%.
Safety-Policy-MiniLM,Original_N800,Balanced Point (Max Youden J),Maximizes Balanced Accuracy (Recall - FPR),0.55,0.5875,0.6151832460732984,0.3675,0.4125,0.6010230179028133,0.61,0.22022308887345976,"Optimizes overall classification equity (BalAcc=61.0%, F1=60.1%); strikes middle ground between FPR and FNR."
Safety-Policy-MiniLM,Original_N800,Low-FPR Point,Minimum threshold achieving FPR <= 10.0%,0.65,0.0125,0.8333333333333334,0.0025,0.9875,0.024630541871921183,0.505,0.05795275877997446,"Protects benign utility (FPR=0.2%); incurs elevated missed-attack rate (Harmful Recall=1.2%, FNR=98.8%)."
all-MiniLM-L6-v2,Length_Balanced_N488,Default Threshold,Fixed standard boundary (tau = 0.50),0.5,0.6352459016393442,0.6888888888888889,0.28688524590163933,0.36475409836065575,0.6609808102345416,0.6741803278688525,0.3494216357209842,Unshifted baseline; accepts natural model bias without target recall or FPR enforcement.
all-MiniLM-L6-v2,Length_Balanced_N488,High-Recall Point,Max threshold achieving Harmful Recall >= 90.0%,0.3,0.9344262295081968,0.5415676959619953,0.7909836065573771,0.06557377049180328,0.6857142857142857,0.5717213114754098,0.2083961038016223,Prioritizes defense security (recall=93.4%); elevates benign false alarm rate to FPR=79.1%.
all-MiniLM-L6-v2,Length_Balanced_N488,Balanced Point (Max Youden J),Maximizes Balanced Accuracy (Recall - FPR),0.55,0.5614754098360656,0.7611111111111111,0.1762295081967213,0.4385245901639344,0.6462264150943396,0.6926229508196722,0.39922363329280663,"Optimizes overall classification equity (BalAcc=69.3%, F1=64.6%); strikes middle ground between FPR and FNR."
all-MiniLM-L6-v2,Length_Balanced_N488,Low-FPR Point,Minimum threshold achieving FPR <= 10.0%,0.65,0.430327868852459,0.860655737704918,0.06967213114754098,0.569672131147541,0.5737704918032787,0.680327868852459,0.41644937449743497,"Protects benign utility (FPR=7.0%); incurs elevated missed-attack rate (Harmful Recall=43.0%, FNR=57.0%)."
all-MiniLM-L6-v2,Original_N800,Default Threshold,Fixed standard boundary (tau = 0.50),0.5,0.6575,0.652605459057072,0.35,0.3425,0.6550435865504358,0.65375,0.30750864880237305,Unshifted baseline; accepts natural model bias without target recall or FPR enforcement.
all-MiniLM-L6-v2,Original_N800,High-Recall Point,Max threshold achieving Harmful Recall >= 90.0%,0.3,0.9225,0.5491071428571429,0.7575,0.0775,0.6884328358208955,0.5825,0.22503719930586716,Prioritizes defense security (recall=92.2%); elevates benign false alarm rate to FPR=75.8%.
all-MiniLM-L6-v2,Original_N800,Balanced Point (Max Youden J),Maximizes Balanced Accuracy (Recall - FPR),0.4,0.8275,0.6175373134328358,0.5125,0.1725,0.7072649572649573,0.6575,0.3349547854215518,"Optimizes overall classification equity (BalAcc=65.8%, F1=70.7%); strikes middle ground between FPR and FNR."
all-MiniLM-L6-v2,Original_N800,Low-FPR Point,Minimum threshold achieving FPR <= 10.0%,0.75,0.225,0.7894736842105263,0.06,0.775,0.35019455252918286,0.5825,0.23600948218025775,"Protects benign utility (FPR=6.0%); incurs elevated missed-attack rate (Harmful Recall=22.5%, FNR=77.5%)."
