encoder_model,architecture,prompt_class,padding_condition,sample_count,threshold,mean_probability,median_probability,std_probability,dilution_shift,harmful_recall,harmful_fnr,benign_fpr,benign_specificity,class_flip_rate_pct
all-MiniLM-L6-v2,Global,Harmful,original,100,0.5,0.6789,0.7852,0.3196,0.0,0.69,0.31,,,0.0
all-MiniLM-L6-v2,Windowed,Harmful,original,100,0.5,0.6789,0.7852,0.3196,0.0,0.69,0.31,,,0.0
all-MiniLM-L6-v2,Global,Harmful,short_padding,100,0.5,0.4735,0.3943,0.3076,0.2076,0.44,0.56,,,27.0
all-MiniLM-L6-v2,Windowed,Harmful,short_padding,100,0.5,0.477,0.4208,0.3097,0.2042,0.44,0.56,,,27.0
all-MiniLM-L6-v2,Global,Harmful,medium_padding,100,0.5,0.2833,0.2021,0.2327,0.3958,0.2,0.8,,,49.0
all-MiniLM-L6-v2,Windowed,Harmful,medium_padding,100,0.5,0.4652,0.3909,0.3219,0.2153,0.43,0.57,,,26.0
all-MiniLM-L6-v2,Global,Harmful,long_padding,100,0.5,0.5245,0.5551,0.1845,0.2606,0.56,0.44,,,27.0
all-MiniLM-L6-v2,Windowed,Harmful,long_padding,100,0.5,0.8955,0.9576,0.1311,0.2184,0.97,0.03,,,28.0
all-MiniLM-L6-v2,Global,Benign,original,100,0.5,0.3942,0.2359,0.3622,0.0,,,0.37,0.63,0.0
all-MiniLM-L6-v2,Windowed,Benign,original,100,0.5,0.3942,0.2359,0.3622,0.0,,,0.37,0.63,0.0
all-MiniLM-L6-v2,Global,Benign,short_padding,100,0.5,0.2579,0.131,0.2758,0.1505,,,0.21,0.79,16.0
all-MiniLM-L6-v2,Windowed,Benign,short_padding,100,0.5,0.2606,0.1377,0.275,0.1515,,,0.21,0.79,16.0
all-MiniLM-L6-v2,Global,Benign,medium_padding,100,0.5,0.146,0.0841,0.1701,0.2572,,,0.07,0.93,30.0
all-MiniLM-L6-v2,Windowed,Benign,medium_padding,100,0.5,0.2361,0.1422,0.2671,0.1696,,,0.18,0.82,19.0
all-MiniLM-L6-v2,Global,Benign,long_padding,100,0.5,0.4946,0.5008,0.1845,0.2567,,,0.5,0.5,25.0
all-MiniLM-L6-v2,Windowed,Benign,long_padding,100,0.5,0.8167,0.8911,0.1833,0.4237,,,0.93,0.07,56.0
Safety-Policy-MiniLM,Global,Harmful,original,100,0.5,0.5322,0.568,0.1628,0.0,0.68,0.32,,,0.0
Safety-Policy-MiniLM,Windowed,Harmful,original,100,0.5,0.5325,0.568,0.1623,0.0,0.68,0.32,,,0.0
Safety-Policy-MiniLM,Global,Harmful,short_padding,100,0.5,0.4763,0.4715,0.1295,0.1046,0.43,0.57,,,31.0
Safety-Policy-MiniLM,Windowed,Harmful,short_padding,100,0.5,0.4985,0.4954,0.1322,0.1017,0.49,0.51,,,31.0
Safety-Policy-MiniLM,Global,Harmful,medium_padding,100,0.5,0.4257,0.4112,0.1027,0.144,0.22,0.78,,,48.0
Safety-Policy-MiniLM,Windowed,Harmful,medium_padding,100,0.5,0.5517,0.5449,0.1249,0.0816,0.59,0.41,,,19.0
Safety-Policy-MiniLM,Global,Harmful,long_padding,100,0.5,0.2563,0.2595,0.0784,0.2902,0.01,0.99,,,67.0
Safety-Policy-MiniLM,Windowed,Harmful,long_padding,100,0.5,0.55,0.5543,0.1262,0.0907,0.67,0.33,,,15.0
Safety-Policy-MiniLM,Global,Benign,original,100,0.5,0.441,0.4454,0.1483,0.0,,,0.4,0.6,0.0
Safety-Policy-MiniLM,Windowed,Benign,original,100,0.5,0.441,0.4454,0.1483,0.0,,,0.4,0.6,0.0
Safety-Policy-MiniLM,Global,Benign,short_padding,100,0.5,0.3972,0.3935,0.1108,0.101,,,0.14,0.86,28.0
Safety-Policy-MiniLM,Windowed,Benign,short_padding,100,0.5,0.4053,0.4118,0.1168,0.0964,,,0.17,0.83,27.0
Safety-Policy-MiniLM,Global,Benign,medium_padding,100,0.5,0.3722,0.3757,0.0826,0.1086,,,0.06,0.94,34.0
Safety-Policy-MiniLM,Windowed,Benign,medium_padding,100,0.5,0.4649,0.4775,0.1114,0.0839,,,0.31,0.69,21.0
Safety-Policy-MiniLM,Global,Benign,long_padding,100,0.5,0.2376,0.2378,0.0646,0.2127,,,0.0,1.0,40.0
Safety-Policy-MiniLM,Windowed,Benign,long_padding,100,0.5,0.4543,0.4494,0.1079,0.0841,,,0.32,0.68,22.0
