experiment_phase,dataset,sample_count,model,architecture,window_size,stride,aggregation,threshold,cv_method,metric_aggregation,roc_auc,roc_auc_std,pr_auc,pr_auc_std,accuracy,accuracy_std,balanced_accuracy,balanced_accuracy_std,recall_harmful,benign_fpr,f1,scientific_interpretation
Exp 1: Classical Text Baseline,Original_N800,800,TF-IDF + Logistic Regression,Bag-of-Words / Lexical,N/A,N/A,N/A,0.5,5-fold StratifiedGroupKFold (group=unique_pair_id),Per-Fold Mean +/- SD,0.339,0.102,0.427,0.051,0.38,0.058,0.38,0.058,0.38,0.62,0.38,Sub-chance performance (0.339 ROC) caused by severe lexical confound between benign and harmful prompt topics.
Exp 1: Structural Baseline,Original_N800,800,Length/Structural Classifier,Heuristic / Rule Features,N/A,N/A,N/A,0.5,5-fold StratifiedGroupKFold (group=unique_pair_id),Per-Fold Mean +/- SD,0.647,0.043,0.692,0.013,0.56,0.044,0.56,0.044,0.56,0.44,0.56,Exploited prompt length confound in original N=800 dataset (harmful prompts substantially longer).
Exp 2: Diagnostic Length Matching,Length_Balanced_N488,488,Structural-Only Baseline,Heuristic / Rule Features,N/A,N/A,N/A,0.5,5-fold StratifiedGroupKFold (group=unique_pair_id),Per-Fold Mean +/- SD,0.503,0.098,0.518,0.066,0.5,0.05,0.5,0.05,0.479,0.479,0.485,"Collapsed to pure random chance (0.503 ROC-AUC) when prompt lengths were matched, proving shortcut."
Exp 5: Generic Semantic Baseline,Original_N800,800,all-MiniLM-L6-v2 + Logistic Regression,Global Sequence (Mean Pooling),N/A,N/A,N/A,0.5,5-fold StratifiedGroupKFold (group=unique_pair_id),Per-Fold Mean +/- SD,0.716,0.077,0.715,0.067,0.654,0.054,0.654,0.054,0.71,0.38,0.672,Initial semantic baseline report on N=800; demonstrated semantic representations overcome lexical shortcut.
Exp 5: Generic Semantic Baseline,Length_Balanced_N488,488,all-MiniLM-L6-v2 + Logistic Regression,Global Sequence (Mean Pooling),N/A,N/A,N/A,0.5,5-fold StratifiedGroupKFold (group=unique_pair_id),Per-Fold Mean +/- SD,0.751,0.066,0.791,0.054,0.674,0.058,0.674,0.058,0.638,0.29,0.662,Demonstrated that semantic representations retain predictive signal after length-balancing controls.
Exp 7: Safety-Specific Encoder (L2 Normalized),Original_N800,800,Safety-Policy-MiniLM + Logistic Regression,Global Sequence (L2-norm CLS),N/A,N/A,N/A,0.5,5-fold StratifiedGroupKFold (group=unique_pair_id),Per-Fold Mean +/- SD,0.643,0.04,0.665,0.046,0.605,0.057,0.605,0.057,0.683,0.404,0.633,Initial safety-specific evaluation with L2-normalized CLS embeddings before logistic regression.
Exp 7: Safety-Specific Encoder (L2 Normalized),Length_Balanced_N488,488,Safety-Policy-MiniLM + Logistic Regression,Global Sequence (L2-norm CLS),N/A,N/A,N/A,0.5,5-fold StratifiedGroupKFold (group=unique_pair_id),Per-Fold Mean +/- SD,0.672,0.093,0.672,0.142,0.655,0.084,0.658,0.086,0.777,0.462,0.695,Safety-specific representation with L2 normalization; lower ROC than generic MiniLM but higher policy alignment.
Exp 9: Primary Benchmark (Final),Length_Balanced_N488,488,all-MiniLM-L6-v2 + Logistic Regression,Global Sequence,None,None,None,0.5,5-fold StratifiedGroupKFold (group=unique_pair_id),Per-Fold Mean +/- SD,0.807,0.071,0.826,0.069,0.728,0.067,0.73,0.066,0.675,0.214,0.709,"Official generic semantic baseline. High unpadded discrimination, but vulnerable to false alarms on security vocabulary."
Exp 9: Primary Benchmark (Final),Length_Balanced_N488,488,all-MiniLM-L6-v2 + Logistic Regression,"Windowed (W=32, S=16, Max)",32,16,Max,0.5,5-fold StratifiedGroupKFold (group=unique_pair_id),Per-Fold Mean +/- SD,0.807,0.071,0.826,0.069,0.728,0.067,0.73,0.066,0.675,0.214,0.709,Mathematically identical to Global on unpadded data (100% of prompts <= 24 tokens produce exactly 1 window).
Exp 9: Primary Benchmark (Final),Length_Balanced_N488,488,Safety-Policy-MiniLM + Logistic Regression,Global Sequence,None,None,None,0.5,5-fold StratifiedGroupKFold (group=unique_pair_id),Per-Fold Mean +/- SD (OFFICIAL BENCHMARK DEFINITION),0.723,0.111,0.722,0.145,0.675,0.088,0.677,0.091,0.772,0.417,0.707,"Official Safety-Policy benchmark metric: Mean of 5 CV fold validation scores (Fold 1: 0.770, Fold 2: 0.886, Fold 3: 0.605, Fold 4: 0.709, Fold 5: 0.644)."
Exp 9: Primary Benchmark (Final),Length_Balanced_N488,488,Safety-Policy-MiniLM + Logistic Regression,"Windowed (W=32, S=16, Max) [SELECTED CANDIDATE]",32,16,Max,0.5,5-fold StratifiedGroupKFold (group=unique_pair_id),Per-Fold Mean +/- SD (OFFICIAL BENCHMARK DEFINITION),0.723,0.111,0.722,0.145,0.675,0.088,0.677,0.091,0.772,0.417,0.707,"Selected candidate pre-inference defense. Identical to Global on unpadded data (single-window equivalence), but robust under long padding."
Exp 9 Audit: Pooled OOF Global Metric,Length_Balanced_N488,488,Safety-Policy-MiniLM + Logistic Regression,Global / Windowed OOF Pooled,32,16,Max,0.5,5-fold StratifiedGroupKFold (group=unique_pair_id),Single Global Pooled Out-Of-Fold (OOF) Vector,0.6837,0.0,0.6522,0.0,0.6762,0.0,0.6762,0.0,0.7705,0.418,0.7041,Concatenated N=488 out-of-fold prediction vector evaluated globally. Resolves the apparent 0.723 vs 0.684 discrepancy: Fold Mean (0.723) vs Pooled OOF (0.684).
Exp 9 Robustness: Long Padding Stress Test,Curriculum Long Padding,100,Safety-Policy-MiniLM (Global),Global Sequence,None,None,None,0.5,Out-of-Distribution Stress Test (Hold-out),Single Run (N=100 prompts),,,,,,,,,0.01,0.0,0.02,"Catastrophic contextual dilution: Harmful recall collapses to 1.0% (99% FNR, mean prob = 0.256) under 58-token academic padding."
Exp 9 Robustness: Long Padding Stress Test,Curriculum Long Padding,100,Safety-Policy-MiniLM (Windowed),"Windowed (W=32, S=16, Max)",32,16,Max,0.5,Out-of-Distribution Stress Test (Hold-out),Single Run (N=100 prompts),,,,,,,,,0.67,0.32,0.67,"Dilution mitigated: Harmful recall rescued to 67.0% (33% FNR, mean prob = 0.550; p=4.62e-45). Benign FPR = 32.0%."
Exp 9 Robustness: Long Padding Stress Test,Curriculum Long Padding,100,all-MiniLM-L6-v2 (Global),Global Sequence,None,None,None,0.5,Out-of-Distribution Stress Test (Hold-out),Single Run (N=100 prompts),,,,,,,,,0.56,0.5,0.56,"Severe false alarms: Generic model reacts to padding terms ('threat landscape', 'risk analysis'), yielding 50.0% benign FPR."
Exp 9 Robustness: Long Padding Stress Test,Curriculum Long Padding,100,all-MiniLM-L6-v2 (Windowed),"Windowed (W=32, S=16, Max)",32,16,Max,0.5,Out-of-Distribution Stress Test (Hold-out),Single Run (N=100 prompts),,,,,,,,,0.97,0.93,0.51,Catastrophic false alarm explosion: Windowed generic model flags almost all benign padded prompts (93.0% FPR).
