feature,benign_mean,benign_std,benign_median,benign_iqr,benign_min,benign_max,harmful_mean,harmful_std,harmful_median,harmful_iqr,harmful_min,harmful_max,mean_difference (H - B),cohens_d,mwu_p_value
char_length,75.34,16.634133581283997,75.0,25.0,39.0,116.0,87.595,24.815035260905837,83.0,27.25,24.0,157.0,12.254999999999995,0.5801348775084852,5.0806457458424156e-14
word_count,12.8,2.752271788904577,13.0,4.0,6.0,21.0,14.53,4.301058009373972,14.0,4.0,4.0,28.0,1.7299999999999986,0.4791333904315907,1.9665194593666685e-08
punctuation_count,0.32,0.705407683541936,0.0,0.0,0.0,3.0,0.39,0.705620294492725,0.0,1.0,0.0,3.0,0.07,0.09921844257526814,0.05310579264822222
emoji_count,0.75,0.4330127018922193,1.0,0.25,0.0,1.0,0.75,0.4330127018922193,1.0,0.25,0.0,1.0,0.0,0.0,1.0
emoji_density,0.0601550122671446,0.038004044455239805,0.0714285714285714,0.0476190476190476,0.0,0.1428571428571428,0.05527564264632256,0.037994322570389295,0.0625,0.050137362637362626,0.0,0.2,-0.004879369620822041,-0.12840722167762597,0.001388801212855014
detected_symbol_count,0.76,0.44429719783046123,1.0,0.0,0.0,2.0,0.76,0.44429719783046123,1.0,0.0,0.0,2.0,0.0,0.0,1.0
unique_symbol_count,0.76,0.44429719783046123,1.0,0.0,0.0,2.0,0.76,0.44429719783046123,1.0,0.0,0.0,2.0,0.0,0.0,1.0
is_variation_selector,0.0,0.0,0.0,0.0,0.0,0.0,0.0,0.0,0.0,0.0,0.0,0.0,0.0,0.0,1.0
is_skin_tone_modifier,0.0,0.0,0.0,0.0,0.0,0.0,0.0,0.0,0.0,0.0,0.0,0.0,0.0,0.0,1.0
