fold,model,roc_auc,pr_auc,accuracy,balanced_accuracy,precision,recall,f1,cm_tn,cm_fp,cm_fn,cm_tp
0,Model 1 (Text Baseline),0.34375,0.47473480130035983,0.35,0.35,0.375,0.45,0.4090909090909091,20,60,44,36
0,Model 2 (Emoji/Morphology Baseline),0.577421875,0.6721050210729527,0.5125,0.5125,0.5119047619047619,0.5375,0.524390243902439,39,41,37,43
0,Model 3 (Proposed Hybrid),0.52421875,0.6474661564692743,0.44375,0.44375,0.45544554455445546,0.575,0.5082872928176796,25,55,34,46
1,Model 1 (Text Baseline),0.4375,0.4677096193729808,0.45,0.45,0.4444444444444444,0.4,0.42105263157894735,40,40,48,32
1,Model 2 (Emoji/Morphology Baseline),0.666328125,0.7018312158383577,0.59375,0.59375,0.7586206896551724,0.275,0.4036697247706422,73,7,58,22
1,Model 3 (Proposed Hybrid),0.5675,0.5697494854592222,0.525,0.525,0.5370370370370371,0.3625,0.43283582089552236,55,25,51,29
2,Model 1 (Text Baseline),0.4425,0.4469913581573064,0.45,0.45,0.4444444444444444,0.4,0.42105263157894735,40,40,48,32
2,Model 2 (Emoji/Morphology Baseline),0.5871875,0.6827863249391184,0.575,0.575,0.5909090909090909,0.4875,0.5342465753424658,53,27,41,39
2,Model 3 (Proposed Hybrid),0.6859375000000001,0.6461915356254203,0.60625,0.60625,0.6075949367088608,0.6,0.6037735849056604,49,31,32,48
3,Model 1 (Text Baseline),0.245,0.37455935114863215,0.3,0.3,0.3,0.3,0.3,24,56,56,24
3,Model 2 (Emoji/Morphology Baseline),0.627734375,0.6787141086095957,0.59375,0.59375,0.5949367088607594,0.5875,0.5911949685534591,48,32,33,47
3,Model 3 (Proposed Hybrid),0.43734375000000003,0.5700172887091541,0.5375,0.5375,0.5405405405405406,0.5,0.5194805194805194,46,34,40,40
4,Model 1 (Text Baseline),0.22750000000000004,0.36872829022271764,0.3,0.3,0.3181818181818182,0.35,0.3333333333333333,20,60,52,28
4,Model 2 (Emoji/Morphology Baseline),0.694375,0.7088185274924392,0.58125,0.58125,0.7241379310344828,0.2625,0.3853211009174312,72,8,59,21
4,Model 3 (Proposed Hybrid),0.47281249999999997,0.5615274985531582,0.4375,0.4375,0.4418604651162791,0.475,0.4578313253012048,32,48,42,38
