fold,config,roc_auc,pr_auc,accuracy,balanced_accuracy,precision,recall,f1
1,Length_Only,0.583203125,0.6721579124340142,0.5375,0.5375000000000001,0.5365853658536586,0.55,0.5432098765432098
1,Word_Count_Only,0.5554687500000001,0.6147574931379836,0.54375,0.54375,0.5421686746987951,0.5625,0.5521472392638037
1,Punctuation_Only,0.51625,0.518888888888889,0.525,0.525,0.5333333333333333,0.4,0.45714285714285713
1,Combined_Structural,0.6064843750000001,0.6966903235163219,0.525,0.525,0.5238095238095238,0.55,0.5365853658536586
2,Length_Only,0.6555468750000001,0.6894185004372262,0.60625,0.60625,0.6808510638297872,0.4,0.5039370078740157
2,Word_Count_Only,0.63625,0.6313374607378338,0.60625,0.60625,0.6164383561643836,0.5625,0.5882352941176471
2,Punctuation_Only,0.50125,0.525,0.5,0.5,0.5,0.25,0.3333333333333333
2,Combined_Structural,0.639296875,0.6971908691199132,0.675,0.675,0.7692307692307693,0.5,0.6060606060606061
3,Length_Only,0.7146093750000001,0.7229341613486999,0.65,0.6499999999999999,0.6363636363636364,0.7,0.6666666666666666
3,Word_Count_Only,0.60953125,0.6901313849660765,0.55,0.55,0.5512820512820513,0.5375,0.5443037974683544
3,Punctuation_Only,0.49749999999999994,0.49999999999999994,0.5,0.5,0.5,0.15,0.23076923076923078
3,Combined_Structural,0.713984375,0.7015117112133509,0.69375,0.69375,0.6631578947368421,0.7875,0.72
4,Length_Only,0.6143749999999999,0.6715146304513794,0.55625,0.5562499999999999,0.5584415584415584,0.5375,0.5477707006369427
4,Word_Count_Only,0.5710156249999999,0.6240125295879358,0.56875,0.5687500000000001,0.5753424657534246,0.525,0.5490196078431373
4,Punctuation_Only,0.6,0.5666666666666667,0.6,0.6000000000000001,0.6666666666666666,0.4,0.5
4,Combined_Structural,0.6129687500000002,0.6700553870219546,0.5,0.5,0.5,0.5,0.5
5,Length_Only,0.715625,0.7505906076623853,0.64375,0.64375,0.6619718309859155,0.5875,0.6225165562913907
5,Word_Count_Only,0.7142187499999999,0.7241418441484326,0.675,0.675,0.6794871794871795,0.6625,0.6708860759493671
5,Punctuation_Only,0.5275,0.535,0.525,0.525,0.6,0.15,0.24
5,Combined_Structural,0.6603906250000001,0.6961814451854379,0.58125,0.58125,0.6065573770491803,0.4625,0.524822695035461
