model,threshold,harmful_recall,harmful_precision,benign_fpr,f1_score,accuracy,tp,fp,tn,fn
Model 2 (Emoji/Morphology Baseline),0.3,0.95,0.5033112582781457,0.9375,0.658008658008658,0.50625,380,375,25,20
Model 2 (Emoji/Morphology Baseline),0.4,0.7125,0.5533980582524272,0.575,0.6229508196721312,0.56875,285,230,170,115
Model 2 (Emoji/Morphology Baseline),0.5,0.43,0.5993031358885017,0.2875,0.5007278020378457,0.57125,172,115,285,228
Model 2 (Emoji/Morphology Baseline),0.6,0.3075,0.7454545454545455,0.105,0.4353982300884956,0.60125,123,42,358,277
Model 2 (Emoji/Morphology Baseline),0.7,0.185,0.7789473684210526,0.0525,0.298989898989899,0.56625,74,21,379,326
Model 2 (Emoji/Morphology Baseline),0.8,0.1475,0.855072463768116,0.025,0.2515991471215352,0.56125,59,10,390,341
Model 2 (Emoji/Morphology Baseline),0.9,0.0975,0.9069767441860465,0.01,0.17607223476297967,0.54375,39,4,396,361
Model 3 (Proposed Hybrid),0.3,0.825,0.4940119760479042,0.845,0.6179775280898876,0.49,330,338,62,70
Model 3 (Proposed Hybrid),0.4,0.6475,0.4805194805194805,0.7,0.5516506922257721,0.47375,259,280,120,141
Model 3 (Proposed Hybrid),0.5,0.5025,0.5101522842639594,0.4825,0.5062972292191436,0.51,201,193,207,199
Model 3 (Proposed Hybrid),0.6,0.3875,0.5615942028985508,0.3025,0.45857988165680474,0.5425,155,121,279,245
Model 3 (Proposed Hybrid),0.7,0.2225,0.6267605633802817,0.1325,0.3284132841328413,0.545,89,53,347,311
Model 3 (Proposed Hybrid),0.8,0.0975,0.6964285714285714,0.0425,0.17105263157894737,0.5275,39,17,383,361
Model 3 (Proposed Hybrid),0.9,0.0525,1.0,0.0,0.0997624703087886,0.52625,21,0,400,379
